Order Date,Region,Sales,Profit,Month-Year
2015-01-07,West,13.01,4.56,2015-01
2015-06-13,West,6362.85,4390.3665,2015-06
2015-02-15,East,211.15,-53.8096,2015-02
2015-05-12,Central,1164.45,803.4705,2015-05
2015-05-12,Central,22.23,-24.03,2015-05
2015-05-12,Central,13.99,-37.03,2015-05
2015-05-12,Central,14.26,-0.71,2015-05
2015-04-08,East,33.47,-59.82,2015-04
2015-05-28,East,379.53,261.8757,2015-05
2015-02-12,East,18.8,2.63,2015-02
2015-02-12,East,945.99,652.7331,2015-02
2015-05-15,West,455.77,314.4813,2015-05
2015-05-21,West,231.79,-114.6399,2015-05
2015-05-15,East,1876.69,384.38,2015-05
2015-05-21,East,293.06,-17.49,2015-05
2015-05-21,East,914.29,-114.6399,2015-05
2015-01-28,West,67.49,-28.2968,2015-01
2015-01-28,West,2.25,-5.3072,2015-01
2015-05-02,West,54.78,8.894,2015-05
2015-02-22,West,424.68,144.69,2015-02
2015-03-27,West,40.17,-35.8788,2015-03
2015-01-20,West,783.55,209.997,2015-01
2015-03-12,West,3838.14,3568.096,2015-03
2015-06-15,West,58.68,-84.4376,2015-06
2015-06-15,West,53.1,24.312,2015-06
2015-05-10,West,647.07,25.91382,2015-05
2015-03-10,West,627.04,162.666,2015-03
2015-01-28,West,3267.55,-6923.5992,2015-01
2015-03-10,West,110.19,-67.49,2015-03
2015-04-20,East,73.55,19.6282,2015-04
2015-04-20,East,29.57,-1.6524,2015-04
2015-05-09,Central,22.85,2.14,2015-05
2015-06-12,Central,506.39,349.4091,2015-06
2015-03-02,South,4.0,-37.5291,2015-03
2015-03-02,South,589.8,101.49,2015-03
2015-01-02,West,1225.6,845.664,2015-01
2015-01-02,East,1239.06,-308.928,2015-01
2015-01-02,East,4083.19,-1679.76,2015-01
2015-01-02,East,4902.38,575.396,2015-01
2015-02-02,East,5718.85,-2426.55,2015-02
2015-02-02,East,1400.53,-2426.55,2015-02
2015-03-15,East,1821.89,-715.778206,2015-03
2015-02-02,East,90.98,-144.56,2015-02
2015-03-30,East,10728.0,7402.32,2015-03
2015-06-03,West,3127.69,1892.424,2015-06
2015-03-22,West,41.82,28.8558,2015-03
2015-03-22,West,2875.72,173.48,2015-03
2015-05-17,West,170.8,117.852,2015-05
2015-02-18,West,53.54,34.0104,2015-02
2015-03-04,West,3363.53,2031.507,2015-03
2015-05-17,South,132.08,-190.68,2015-05
2015-05-17,South,45.34,325.398,2015-05
2015-06-07,South,216.04,22.818,2015-06
2015-05-03,Central,6276.34,116.1,2015-05
2015-05-03,Central,2664.4,-87.96,2015-05
2015-05-03,Central,1526.68,255.42,2015-05
2015-05-03,Central,1952.56,685.6146,2015-05
2015-06-22,East,303.59,-16.2,2015-06
2015-04-06,East,9459.94,2023.75,2015-04
2015-06-22,East,1233.32,-20.25,2015-06
2015-06-22,East,47.31,-3.381,2015-06
2015-04-06,East,2441.27,1684.4763,2015-04
2015-06-22,East,11.13,-2.7048,2015-06
2015-01-03,West,29.5,18.658,2015-01
2015-04-04,West,58.33,40.2477,2015-04
2015-04-04,West,20.42,14.0898,2015-04
2015-04-09,West,26.07,-55.84,2015-04
2015-01-03,West,122.23,9.82,2015-01
2015-04-04,West,228.46,112.06,2015-04
2015-04-04,West,77.61,16.79,2015-04
2015-04-09,West,99.94,-55.84,2015-04
2015-01-12,West,59.85,41.2965,2015-01
2015-01-12,West,1708.73,1179.0237,2015-01
2015-04-09,South,94.97,105.678,2015-04
2015-01-27,Central,10.23,-37.39,2015-01
2015-05-25,Central,217.23,149.8887,2015-05
2015-05-16,West,101.74,3.04,2015-05
2015-05-16,West,84.52,2.706,2015-05
2015-06-02,East,312.59,91.956,2015-06
2015-06-02,East,64.4,-2.544,2015-06
2015-01-15,East,14.65,2.4852,2015-01
2015-03-16,East,453.62,-634.7341,2015-03
2015-03-12,Central,193.59,133.5771,2015-03
2015-04-23,Central,929.57,251.4084,2015-04
2015-01-22,South,62.46,-20.258,2015-01
2015-04-20,South,28.11,13.896,2015-04
2015-01-15,South,5.5,-172.718,2015-01
2015-04-19,South,667.84,-40.684,2015-04
2015-03-29,South,292.23,97.86,2015-03
2015-06-18,South,772.56,360.24,2015-06
2015-05-14,West,1050.08,713.88,2015-05
2015-01-25,West,33.82,-18.64,2015-01
2015-01-02,West,715.55,-111.4,2015-01
2015-01-02,West,45.63,-77.03,2015-01
2015-01-11,South,1839.91,28.5141,2015-01
2015-01-03,South,130.62,280.27458,2015-01
2015-01-03,South,6945.16,-112.4263,2015-01
2015-01-03,South,30.94,24.924,2015-01
2015-04-13,East,3.42,-2.9095,2015-04
2015-02-21,West,901.81,-76.89,2015-02
2015-05-22,West,186.59,-35.75,2015-05
2015-02-21,East,250.5,-76.89,2015-02
2015-05-22,Central,221.24,152.6556,2015-05
2015-05-22,Central,46.65,7.15,2015-05
2015-02-12,Central,164.71,113.6499,2015-02
2015-02-12,Central,79.68,-35.4744,2015-02
2015-04-09,Central,53.26,14.467,2015-04
2015-04-09,Central,203.49,-99.9864,2015-04
2015-04-09,Central,2356.01,1348.59672,2015-04
2015-01-03,West,224.12,-560.81418,2015-01
2015-03-30,West,140.3,-66.0445,2015-03
2015-01-10,West,28.2,-105.6852,2015-01
2015-03-30,West,71.55,15.66,2015-03
2015-04-02,Central,3108.98,1167.158,2015-04
2015-04-02,Central,12599.55,1014.92,2015-04
2015-04-27,Central,34.65,1.73,2015-04
2015-01-16,Central,85.79,-133.7,2015-01
2015-01-17,East,17.61,-66.62,2015-01
2015-06-02,East,27.3,-21.48775,2015-06
2015-06-02,East,64.75,44.6775,2015-06
2015-06-02,East,62.98,23.595,2015-06
2015-01-06,East,21.2,7.59,2015-01
2015-01-06,East,173.32,-107.987,2015-01
2015-06-02,East,42.29,-36.25,2015-06
2015-06-09,West,730.37,-102.5121,2015-06
2015-04-02,South,450.49,36.354,2015-04
2015-02-20,Central,58.8,-243.2365,2015-02
2015-02-20,Central,120.47,-53.62,2015-02
2015-02-05,Central,1599.96,1103.9724,2015-02
2015-03-27,Central,197.59,136.3371,2015-03
2015-03-27,Central,33.04,-12.46,2015-03
2015-04-28,Central,27.45,-175.86,2015-04
2015-02-22,West,4775.11,3294.8259,2015-02
2015-04-20,West,57.41,35.09,2015-04
2015-04-20,West,2809.87,785.63,2015-04
2015-05-26,West,79.93,-256.519,2015-05
2015-05-26,West,873.18,398.358,2015-05
2015-02-23,South,798.69,-101.192,2015-02
2015-02-23,South,792.11,-3.332,2015-02
2015-03-21,South,28.73,-145.082,2015-03
2015-05-28,Central,109.74,1.108,2015-05
2015-05-28,Central,1543.55,1061.379,2015-05
2015-06-10,West,1332.82,-53.745,2015-06
2015-01-31,East,34.64,0.684,2015-01
2015-01-02,South,52.47,-127.008,2015-01
2015-01-19,West,26.38,5.7532,2015-01
2015-01-21,East,304.34,-2177.986096,2015-01
2015-05-18,Central,1300.81,326.25,2015-05
2015-05-15,Central,67.86,8.932,2015-05
2015-05-15,Central,747.28,229.638,2015-05
2015-04-07,West,18.67,-22.48,2015-04
2015-04-07,West,210.77,78.98,2015-04
2015-06-05,West,209.12,144.2928,2015-06
2015-06-05,West,1287.17,888.1473,2015-06
2015-06-05,West,46.17,-46.005,2015-06
2015-03-30,South,899.81,128.0253,2015-03
2015-04-07,South,68.46,-29.8984,2015-04
2015-04-07,South,885.23,52.9166,2015-04
2015-06-05,South,836.47,72.1858,2015-06
2015-06-05,South,189.83,-122.3733,2015-06
2015-01-24,East,61.52,-51.75,2015-01
2015-05-21,East,8.3,-1.0,2015-05
2015-05-21,East,416.95,-221.254,2015-05
2015-06-17,East,18.71,-11.57,2015-06
2015-06-17,Central,40.95,-61.87,2015-06
2015-06-17,Central,1155.73,-530.24,2015-06
2015-01-16,Central,192.3,132.687,2015-01
2015-01-16,Central,748.1,496.89,2015-01
2015-03-25,West,102.54,-135.16,2015-03
2015-02-14,East,70.16,15.8952,2015-02
2015-02-14,East,1240.57,855.9933,2015-02
2015-02-14,West,280.62,10.74,2015-02
2015-03-20,Central,3206.94,-1759.58,2015-03
2015-03-20,East,43.08,-72.23,2015-03
2015-06-17,West,66.55,-27.16,2015-06
2015-06-17,West,103.49,-52.344,2015-06
2015-06-17,West,192.18,-119.936,2015-06
2015-04-04,East,89.76,9.9268,2015-04
2015-06-09,Central,28.46,-29.172,2015-06
2015-04-14,East,1170.21,-715.778206,2015-04
2015-04-14,East,243.32,-22.82,2015-04
2015-05-04,West,3825.32,2639.4708,2015-05
2015-05-04,West,8.53,-5.2,2015-05
2015-03-17,East,40.3,-83.65,2015-03
2015-03-17,East,111.88,24.39,2015-03
2015-05-04,South,73.97,-4.6683,2015-05
2015-01-31,East,111.86,11.65095,2015-01
2015-05-04,East,18.49,0.702,2015-05
2015-06-09,South,212.89,5.8625,2015-06
2015-01-02,South,5555.6,1916.6757,2015-01
2015-06-09,East,55.54,10.5,2015-06
2015-01-02,East,1440.34,993.8346,2015-01
2015-05-14,West,84.76,-165.45,2015-05
2015-05-14,West,104.84,-141.12,2015-05
2015-05-24,West,1714.93,1074.44,2015-05
2015-01-09,East,107.95,-627.82192,2015-01
2015-01-17,East,1967.98,411.5172,2015-01
2015-04-11,West,394.1,211.232,2015-04
2015-05-27,East,266.39,49.788,2015-05
2015-05-27,East,51.82,-132.6295,2015-05
2015-03-14,Central,9539.6,-163.63,2015-03
2015-03-14,Central,109.86,-63.87,2015-03
2015-03-14,Central,1426.51,-175.175,2015-03
2015-03-14,South,2331.9,-224.9478,2015-03
2015-03-14,South,27.47,196.8,2015-03
2015-04-17,Central,460.87,250.0376,2015-04
2015-05-01,Central,394.51,-539.59,2015-05
2015-03-19,East,38.65,-82.823,2015-03
2015-03-19,East,279.83,107.082,2015-03
2015-06-12,Central,126.9,-27.28375,2015-06
2015-01-03,Central,22.82,-51.5592,2015-01
2015-01-03,Central,188.66,-263.56572,2015-01
2015-02-06,Central,1845.23,1273.2087,2015-02
2015-03-05,Central,37.16,-159.68,2015-03
2015-03-05,Central,43.65,27.91,2015-03
2015-02-15,East,31.44,-81.77,2015-02
2015-06-18,South,64.59,-19.208,2015-06
2015-06-18,South,461.94,7.44,2015-06
2015-02-02,East,1216.32,-372.485971,2015-02
2015-05-23,East,1989.32,1372.6308,2015-05
2015-05-21,East,72.76,50.2044,2015-05
2015-05-02,Central,400.47,236.2371,2015-05
2015-05-04,West,1531.31,943.0,2015-05
2015-02-06,East,919.09,-2531.4825,2015-02
2015-01-15,West,236.46,163.1574,2015-01
2015-01-15,West,73.82,-302.225,2015-01
2015-03-03,West,243.11,90.62,2015-03
2015-06-22,East,952.26,427.1184,2015-06
2015-05-25,Central,355.92,86.438,2015-05
2015-04-11,Central,101.71,-4.46,2015-04
2015-06-23,Central,1766.68,-512.872,2015-06
2015-06-23,Central,29.02,-3.784,2015-06
2015-06-25,Central,159.51,-82.904,2015-06
2015-06-25,Central,1838.85,1268.8065,2015-06
2015-04-10,West,35.48,-53.2962,2015-04
2015-05-27,West,434.31,299.6739,2015-05
2015-01-05,West,19.86,-15.456,2015-01
2015-01-05,West,23.26,16.0494,2015-01
2015-05-27,West,51.83,-235.895,2015-05
2015-05-08,West,32.4,-41.32,2015-05
2015-05-23,East,492.9,7.9,2015-05
2015-01-14,West,1081.54,521.69,2015-01
2015-01-11,East,1132.84,496.7968,2015-01
2015-01-11,East,143.63,-556.8096,2015-01
2015-01-11,East,73.04,-27.7388,2015-01
2015-01-11,East,33.35,-128.6872,2015-01
2015-01-11,East,60.24,23.2028,2015-01
2015-02-08,South,718.03,-568.5351,2015-02
2015-02-08,East,179.51,-427.47,2015-02
2015-01-27,Central,73.18,-18.19,2015-01
2015-04-23,Central,8.82,-24.05754,2015-04
2015-04-23,Central,5976.09,2583.56148,2015-04
2015-03-18,West,8.77,6.0513,2015-03
2015-05-18,East,20.87,-67.0565,2015-05
2015-05-18,East,25.7,-7.94,2015-05
2015-05-18,East,229.57,122.292,2015-05
2015-05-15,East,66.7,-2.12,2015-05
2015-02-10,East,217.0,-69.07,2015-02
2015-06-20,East,31670.6,2028.12,2015-06
2015-06-20,East,239.82,-63.51,2015-06
2015-01-20,West,66.71,-92.05,2015-01
2015-01-20,West,87.16,6.11,2015-01
2015-05-15,West,101.26,-36.63,2015-05
2015-05-15,West,17.4,-2.12,2015-05
2015-02-10,West,52.93,-35.9164,2015-02
2015-06-20,West,8637.44,3042.18,2015-06
2015-06-20,West,59.95,-31.755,2015-06
2015-05-14,South,5062.49,171.8388,2015-05
2015-04-18,South,646.97,32.9409,2015-04
2015-04-18,South,946.29,131.334,2015-04
2015-02-23,South,123.0,-282.0818,2015-02
2015-04-18,South,554.08,140.1354,2015-04
2015-01-13,West,152.54,105.2526,2015-01
2015-02-01,West,89.79,-29.0927,2015-02
2015-06-05,Central,199.76,113.415,2015-06
2015-06-22,West,480.37,26.1,2015-06
2015-06-22,West,5.76,-2.58,2015-06
2015-06-22,West,3112.13,2800.12,2015-06
2015-01-20,South,2589.01,363.552,2015-01
2015-01-20,South,1893.93,-11.536,2015-01
2015-05-25,West,211.13,-6.612,2015-05
2015-01-17,West,25.39,-15.5595,2015-01
2015-01-17,West,87.27,-108.19,2015-01
2015-04-21,South,403.25,46.488,2015-04
2015-05-14,Central,414.49,159.5297,2015-05
2015-05-14,Central,469.69,15.3714,2015-05
2015-05-23,Central,8585.67,5924.1123,2015-05
2015-06-14,East,57.37,39.5853,2015-06
2015-01-20,West,66.32,-66.378,2015-01
2015-01-30,Central,18.75,-33.34,2015-01
2015-01-30,Central,188.51,-201.276,2015-01
2015-06-12,Central,6720.88,4637.4072,2015-06
2015-06-12,Central,102.21,-239.5415,2015-06
2015-01-30,Central,31.18,21.5142,2015-01
2015-01-28,West,267.53,34.068,2015-01
2015-02-21,West,43046.2,4073.25,2015-02
2015-04-15,West,330.21,-179.592,2015-04
2015-06-18,West,6831.37,-500.38,2015-06
2015-02-21,West,10331.09,6028.41,2015-02
2015-04-15,West,83.86,-161.6328,2015-04
2015-06-18,West,1707.84,-250.19,2015-06
2015-01-28,West,66.88,46.1472,2015-01
2015-01-28,West,274.91,-1116.3348,2015-01
2015-03-04,South,1128.74,1141.794,2015-03
2015-04-15,South,805.99,-99.568,2015-04
2015-04-01,South,1066.54,224.8506,2015-04
2015-01-13,West,65.74,-122.133,2015-01
2015-03-13,Central,5.84,-12.1555,2015-03
2015-02-26,Central,405.57,-269.0844,2015-02
2015-01-13,West,32.6,-566.0,2015-01
2015-05-13,East,515.88,293.14,2015-05
2015-05-13,East,25.06,-6.61,2015-05
2015-05-13,East,578.24,-57.541,2015-05
2015-01-21,East,116.93,-266.22,2015-01
2015-05-13,East,170.45,-67.59,2015-05
2015-01-17,Central,285.87,-239.8656,2015-01
2015-01-17,Central,20.37,-53.444,2015-01
2015-03-15,Central,17.44,-22.12,2015-03
2015-06-19,Central,702.68,484.8492,2015-06
2015-06-19,Central,67.24,18.0,2015-06
2015-02-15,Central,24.27,15.2745,2015-02
2015-02-15,Central,38.53,26.5857,2015-02
2015-02-15,Central,4910.72,-575.352,2015-02
2015-06-10,Central,116.8,-51.635,2015-06
2015-03-13,East,32.39,-75.44,2015-03
2015-02-03,West,227.79,-120.934,2015-02
2015-03-14,West,5679.59,-1763.7477,2015-03
2015-01-24,West,102.32,-15.0995,2015-01
2015-03-14,East,1494.63,-1763.7477,2015-03
2015-04-29,West,46.23,23.5428,2015-04
2015-04-29,West,279.28,-276.1128,2015-04
2015-03-24,West,70.06,-78.13,2015-03
2015-04-29,West,81.82,-64.67094,2015-04
2015-04-29,West,13.16,-11.1132,2015-04
2015-01-07,Central,205.98,107.02,2015-01
2015-02-26,East,31.46,18.42,2015-02
2015-02-26,East,948.97,349.47,2015-02
2015-04-01,East,136.99,-226.3464,2015-04
2015-04-01,East,99.36,-281.17584,2015-04
2015-04-21,East,9580.0,6610.2,2015-04
2015-04-05,Central,28.32,-103.7124,2015-04
2015-04-05,Central,2309.49,-124.2864,2015-04
2015-03-20,West,1232.01,-229.68,2015-03
2015-04-30,West,506.38,288.09,2015-04
2015-04-30,West,1042.72,719.4768,2015-04
2015-02-14,West,1769.91,1192.04,2015-02
2015-02-14,West,6686.34,1192.04,2015-02
2015-03-20,West,4620.05,-229.68,2015-03
2015-04-30,West,1912.98,288.09,2015-04
2015-04-30,West,4170.87,1030.509,2015-04
2015-06-17,Central,818.81,261.444,2015-06
2015-06-21,Central,34.11,-10.36,2015-06
2015-05-29,Central,154.71,106.7499,2015-05
2015-01-07,West,192.33,-246.92616,2015-01
2015-02-15,West,6901.25,4233.2588,2015-02
2015-02-15,West,148.94,102.7686,2015-02
2015-02-15,West,200.68,-36.671544,2015-02
2015-04-16,West,29.92,20.6448,2015-04
2015-01-19,East,19.73,-24.2048,2015-01
2015-01-19,East,615.54,-126.05778,2015-01
2015-05-29,East,261.34,10.802,2015-05
2015-01-16,South,202.41,-678.496,2015-01
2015-04-18,South,793.39,90.762,2015-04
2015-04-22,South,54.04,-352.814,2015-04
2015-01-16,Central,832.14,70.028,2015-01
2015-04-22,Central,221.06,-124.2805,2015-04
2015-03-20,Central,58.67,40.4823,2015-03
2015-03-20,Central,101.06,32.86,2015-03
2015-03-05,South,1429.81,-187.222,2015-03
2015-02-05,Central,34.97,9.59,2015-02
2015-02-05,Central,308.86,-655.424,2015-02
2015-01-02,Central,485.01,-7.58,2015-01
2015-04-22,South,81.14,-109.704,2015-04
2015-03-04,West,10.11,-19.93,2015-03
2015-03-04,West,6621.17,4568.6073,2015-03
2015-03-04,West,253.78,-258.225,2015-03
2015-04-07,Central,69.96,38.06,2015-04
2015-05-16,Central,2716.09,-207.28,2015-05
2015-03-06,Central,21.34,-12.719,2015-03
2015-02-04,Central,17.42,-51.42,2015-02
2015-03-21,West,49.81,-88.6,2015-03
2015-03-25,West,3722.41,2568.4629,2015-03
2015-03-08,West,95.1,9.486,2015-03
2015-03-08,West,734.74,-263.65,2015-03
2015-03-08,West,1882.87,890.181,2015-03
2015-05-05,West,8834.58,6095.8602,2015-05
2015-03-27,Central,78.54,-82.83,2015-03
2015-03-27,Central,605.1,25.04,2015-03
2015-04-07,Central,355.84,-580.32,2015-04
2015-03-27,Central,1346.32,928.9608,2015-03
2015-02-07,Central,292.18,-131.6172,2015-02
2015-03-27,West,322.03,-82.83,2015-03
2015-03-27,West,2470.84,25.04,2015-03
2015-03-27,West,5250.66,930.987,2015-03
2015-04-07,West,1423.35,-580.32,2015-04
2015-02-07,West,1154.12,-253.11,2015-02
2015-04-23,West,32.5,-16.67,2015-04
2015-06-06,West,193.95,40.2,2015-06
2015-06-06,West,158.8,3.21,2015-06
2015-06-30,West,274.26,38.7,2015-06
2015-06-30,West,83.16,-21.91,2015-06
2015-06-30,West,261.93,-119.77,2015-06
2015-01-29,West,210.1,-168.72,2015-01
2015-01-29,West,6499.87,-439.62,2015-01
2015-05-20,West,351.56,15.42,2015-05
2015-05-20,West,87.89,33.924,2015-05
2015-04-23,West,6.5,-16.67,2015-04
2015-06-30,West,68.56,46.44,2015-06
2015-06-30,West,20.79,-17.528,2015-06
2015-06-30,West,67.91,-95.816,2015-06
2015-06-06,East,40.37,3.852,2015-06
2015-02-28,West,122.25,71.7356,2015-02
2015-02-28,West,206.09,-79.3208,2015-02
2015-06-24,Central,66.9,24.096,2015-06
2015-06-24,Central,43.13,6.972,2015-06
2015-04-11,Central,11.21,-24.246,2015-04
2015-03-15,East,100.38,-605.374,2015-03
2015-03-15,East,66.32,-99.55,2015-03
2015-04-26,East,1178.32,-801.1548,2015-04
2015-06-15,East,2016.32,797.856,2015-06
2015-06-07,East,612.25,422.4525,2015-06
2015-06-15,East,313.63,-178.216,2015-06
2015-06-15,East,397.17,-26.656,2015-06
2015-01-28,West,63.48,-54.622,2015-01
2015-01-28,West,47.64,-126.81418,2015-01
2015-01-17,West,1545.58,1400.1,2015-01
2015-05-25,West,2104.99,916.6806,2015-05
2015-01-17,West,353.1,67.6,2015-01
2015-01-12,South,257.52,-224.644,2015-01
2015-02-27,South,411.64,14.76,2015-02
2015-03-11,West,17.59,10.85,2015-03
2015-03-11,West,141.54,97.6626,2015-03
2015-06-04,West,905.4,-453.2,2015-06
2015-04-12,West,243.86,-207.679788,2015-04
2015-02-11,West,39.97,-7.5244,2015-02
2015-05-29,Central,92.96,-92.961,2015-05
2015-04-27,West,1362.2,613.89576,2015-04
2015-01-30,Central,336.64,232.2816,2015-01
2015-03-19,West,429.33,-45.07,2015-03
2015-03-19,West,44.66,-8.53,2015-03
2015-03-19,West,1619.95,285.95,2015-03
2015-01-14,East,56.44,-209.25,2015-01
2015-01-14,East,56.73,-9.1636,2015-01
2015-05-17,East,64.41,12.706,2015-05
2015-05-17,East,344.57,7.71516,2015-05
2015-04-29,West,279.01,192.5169,2015-04
2015-01-06,East,614.99,-134.912,2015-01
2015-04-06,West,76.23,-5.05,2015-04
2015-06-21,Central,99.92,-204.16,2015-06
2015-03-11,Central,79.4,-46.115,2015-03
2015-06-19,Central,15.49,-20.104,2015-06
2015-06-01,West,18.59,-3.496,2015-06
2015-06-01,West,834.08,-717.072,2015-06
2015-03-06,West,50.88,-62.23,2015-03
2015-01-06,South,958.46,131.382,2015-01
2015-01-06,South,368.84,-89.292,2015-01
2015-01-06,South,30.86,-211.036,2015-01
2015-03-28,West,568.25,-13.28,2015-03
2015-03-28,West,126.66,-48.68,2015-03
2015-04-29,South,93.82,-184.548,2015-04
2015-01-09,South,8332.91,1220.03784,2015-01
2015-05-21,West,5.9,-2.87,2015-05
2015-01-12,South,80.23,4.3809,2015-01
2015-01-12,South,2044.9,-100.744,2015-01
2015-05-21,Central,53.3,3.384,2015-05
2015-05-25,Central,21.93,0.346,2015-05
2015-02-22,South,28.46,-17.654,2015-02
2015-01-24,West,89.91,-13.826,2015-01
2015-01-09,West,138.51,-203.67,2015-01
2015-03-07,West,41.96,19.57,2015-03
2015-02-25,West,300.63,98.12,2015-02
2015-03-07,West,240.46,107.11,2015-03
2015-03-07,West,74.08,-216.154,2015-03
2015-04-30,West,5.28,-6.6096,2015-04
2015-03-16,West,50.83,-89.217,2015-03
2015-04-30,East,39.26,1.2236,2015-04
2015-04-30,East,606.51,4.3148,2015-04
2015-04-30,East,64.89,-125.83296,2015-04
2015-05-27,Central,267.2,122.21,2015-05
2015-02-26,Central,86.79,-11.1332,2015-02
2015-02-25,Central,292.37,201.7353,2015-02
2015-02-25,Central,682.79,-684.78,2015-02
2015-03-06,Central,125.77,-237.47,2015-03
2015-03-06,Central,3918.98,-2946.051,2015-03
2015-03-15,West,31.24,21.5556,2015-03
2015-05-20,West,74.77,-239.315,2015-05
2015-05-20,West,127.81,-33.31,2015-05
2015-02-21,West,78.59,-74.4796,2015-02
2015-02-21,West,497.11,-232.22056,2015-02
2015-03-25,West,27.02,18.6438,2015-03
2015-03-25,West,27.67,-31.24,2015-03
2015-05-24,Central,1033.56,55.888,2015-05
2015-01-05,Central,19.97,1.3224,2015-01
2015-01-05,Central,660.03,455.4207,2015-01
2015-01-10,East,199.12,29.332,2015-01
2015-01-10,East,63.14,-86.0,2015-01
2015-02-02,East,44.85,-0.49,2015-02
2015-01-10,Central,49.78,34.3482,2015-01
2015-01-10,Central,16.62,-66.65,2015-01
2015-06-20,Central,517.68,35.955,2015-06
2015-01-12,East,573.31,-173.0952,2015-01
2015-01-12,East,140.23,-96.16,2015-01
2015-01-27,East,594.44,263.4,2015-01
2015-01-27,East,228.5,37.31,2015-01
2015-01-12,East,191.1,-173.0952,2015-01
2015-01-12,East,28.05,-96.16,2015-01
2015-01-27,East,151.77,104.7213,2015-01
2015-01-27,East,57.13,37.31,2015-01
2015-03-12,East,116.92,80.6748,2015-03
2015-02-26,South,151.6,114.3165,2015-02
2015-06-17,South,31.73,1107.408,2015-06
2015-05-14,South,85.26,-149.212,2015-05
2015-01-31,East,16.6,-21.018,2015-01
2015-01-31,East,2285.41,-655.529875,2015-01
2015-04-04,East,513.52,354.3288,2015-04
2015-01-04,Central,346.52,-489.4156,2015-01
2015-01-04,Central,499.31,35.31,2015-01
2015-04-12,West,73.1,6.11,2015-04
2015-05-20,West,2115.06,187.412,2015-05
2015-04-12,West,47.95,-6.34,2015-04
2015-03-27,West,134.38,92.7222,2015-03
2015-04-12,West,76.77,-160.2755,2015-04
2015-05-20,West,782.0,396.972,2015-05
2015-04-06,East,15.73,-7.04,2015-04
2015-04-06,East,1719.07,538.52,2015-04
2015-02-17,West,8.41,-4.14,2015-02
2015-06-27,West,104.95,-31.885,2015-06
2015-06-27,West,166.59,-95.2105,2015-06
2015-04-14,East,396.19,-193.58,2015-04
2015-03-06,West,98.7,-4.301,2015-03
2015-03-01,East,1782.44,-1570.32,2015-03
2015-01-11,East,72.11,27.23,2015-01
2015-01-02,West,124.81,-19.0992,2015-01
2015-03-22,West,881.32,373.67,2015-03
2015-01-02,Central,41.6,-14.80188,2015-01
2015-03-22,Central,1497.22,-2561.3235,2015-03
2015-03-22,Central,244.81,168.9189,2015-03
2015-03-22,Central,4.55,-6.2,2015-03
2015-02-12,Central,27.63,19.0647,2015-02
2015-02-12,Central,31.21,10.56,2015-02
2015-03-22,Central,1214.03,837.6807,2015-03
2015-02-04,West,3.51,-4.2,2015-02
2015-02-24,West,120.12,-44.1636,2015-02
2015-02-04,Central,7.01,-4.2,2015-02
2015-04-20,South,1452.18,-102.662,2015-04
2015-02-28,West,619.38,-116.584,2015-02
2015-02-28,West,18.69,12.8961,2015-02
2015-04-04,East,8.8,-21.3192,2015-04
2015-02-05,East,477.2,93.8468,2015-02
2015-04-27,South,2848.38,17.772,2015-04
2015-02-19,West,38.58,-104.57,2015-02
2015-03-14,East,810.47,-969.048366,2015-03
2015-05-10,East,72.83,4.032,2015-05
2015-01-24,East,63.66,-23.6344,2015-01
2015-03-14,East,127.22,-71.83,2015-03
2015-03-14,East,432.44,-0.74,2015-03
2015-03-04,Central,12.18,-3.88,2015-03
2015-02-27,Central,950.43,551.0928,2015-02
2015-05-25,East,25.37,17.5053,2015-05
2015-06-19,East,6963.67,818.546175,2015-06
2015-03-01,South,160.17,-17.15,2015-03
2015-03-01,South,7.47,-29.54,2015-03
2015-03-01,South,370.81,-329.784,2015-03
2015-03-05,South,119.99,-2.1,2015-03
2015-03-18,South,650.7,829.467,2015-03
2015-06-12,South,11.41,111.222,2015-06
2015-04-08,South,680.39,22.866,2015-04
2015-04-08,South,75.52,115.728,2015-04
2015-03-07,Central,2354.54,909.36,2015-03
2015-02-06,Central,79.06,-76.4244,2015-02
2015-02-06,Central,65.14,8.732,2015-02
2015-05-15,East,640.71,442.0899,2015-05
2015-05-15,East,659.6,455.124,2015-05
2015-02-07,East,1137.6,624.40164,2015-02
2015-05-29,East,151.55,18.922,2015-05
2015-05-29,East,57.03,39.3507,2015-05
2015-03-12,East,347.23,-229.87,2015-03
2015-03-12,East,478.23,329.9787,2015-03
2015-03-29,East,93.82,30.49,2015-03
2015-05-08,East,1670.33,1152.5277,2015-05
2015-03-13,East,100.59,-604.406,2015-03
2015-03-13,East,598.38,293.66,2015-03
2015-06-16,South,39.36,-403.1874,2015-06
2015-04-17,West,322.77,-13.77,2015-04
2015-04-17,West,65.09,44.9121,2015-04
2015-05-16,West,98.96,9.33,2015-05
2015-06-14,West,13546.94,2593.14,2015-06
2015-06-14,West,6401.65,1162.76,2015-06
2015-02-27,West,617.4,-76.94,2015-02
2015-02-27,East,157.78,-40.0088,2015-02
2015-05-25,West,26.31,-51.704,2015-05
2015-05-25,West,209.78,144.7482,2015-05
2015-05-25,West,17.83,-112.189,2015-05
2015-03-24,South,2527.79,-445.9717763,2015-03
2015-05-30,South,121.87,4.1674,2015-05
2015-03-24,East,659.42,-335.317125,2015-03
2015-05-30,East,403.53,16.0218,2015-05
2015-05-30,East,55.17,38.0673,2015-05
2015-02-18,Central,377.44,-99.43544,2015-02
2015-03-16,Central,286.4,-97.28,2015-03
2015-05-14,Central,664.34,139.612,2015-05
2015-03-27,East,473.53,-505.76,2015-03
2015-03-09,Central,220.92,152.4348,2015-03
2015-05-08,Central,196.41,9.862,2015-05
2015-03-31,Central,54.08,-232.991,2015-03
2015-01-05,East,47.18,-40.2752,2015-01
2015-04-24,East,30.87,-53.25,2015-04
2015-05-13,East,309.05,-159.25,2015-05
2015-05-13,East,299.3,206.517,2015-05
2015-04-24,East,45.24,2.125,2015-04
2015-05-05,West,51.02,5.884,2015-05
2015-04-10,Central,2291.39,772.04,2015-04
2015-04-10,East,9492.92,772.04,2015-04
2015-05-20,Central,318.47,81.91,2015-05
2015-05-21,Central,586.96,-10.9,2015-05
2015-06-06,Central,11272.77,1232.79,2015-06
2015-05-21,Central,144.33,2.18,2015-05
2015-05-20,Central,270.55,67.1075,2015-05
2015-05-20,Central,79.62,54.9378,2015-05
2015-05-20,Central,479.79,168.237,2015-05
2015-06-29,Central,108.99,-169.232,2015-06
2015-04-02,West,3527.82,1272.5808,2015-04
2015-04-02,West,4698.21,-5390.738892,2015-04
2015-04-06,West,43.08,29.7252,2015-04
2015-04-06,West,258.93,-187.11,2015-04
2015-02-05,West,277.6,-139.2872,2015-02
2015-02-07,West,168.04,108.0,2015-02
2015-02-07,West,703.46,377.154,2015-02
2015-03-15,West,103.61,-127.052,2015-03
2015-06-20,West,3144.56,2169.7464,2015-06
2015-06-20,East,2653.02,-229.93,2015-06
2015-02-24,Central,66.81,-93.7352,2015-02
2015-06-22,Central,90.52,4.53,2015-06
2015-06-22,Central,55.97,9.78,2015-06
2015-02-16,East,311.66,-63.8135,2015-02
2015-02-16,East,9862.51,325.29,2015-02
2015-03-29,East,177.41,-116.05,2015-03
2015-05-21,East,406.91,117.38,2015-05
2015-06-13,East,1332.09,-144.2,2015-06
2015-01-26,East,105.5,-46.92,2015-01
2015-05-21,Central,101.73,70.1937,2015-05
2015-02-10,Central,37.7,-48.2195,2015-02
2015-02-16,Central,75.81,-63.8135,2015-02
2015-02-16,Central,2630.0,325.29,2015-02
2015-06-13,Central,333.02,-115.36,2015-06
2015-01-26,Central,27.76,-46.92,2015-01
2015-01-02,Central,3855.28,2660.1432,2015-01
2015-02-16,Central,192.49,-51.116,2015-02
2015-01-04,Central,2560.55,1766.7795,2015-01
2015-06-06,Central,227.67,85.875,2015-06
2015-06-09,East,8.83,6.0927,2015-06
2015-01-02,West,34.41,20.2996,2015-01
2015-01-02,West,157.27,108.5163,2015-01
2015-02-14,East,1013.84,48.47148,2015-02
2015-05-20,East,110.75,-152.76,2015-05
2015-06-02,East,181.46,125.2074,2015-06
2015-06-02,East,1076.3,281.5344,2015-06
2015-04-09,South,21.46,64.266,2015-04
2015-04-09,South,3506.78,-302.6156,2015-04
2015-04-09,South,267.69,5.6916,2015-04
2015-04-09,South,2307.26,-369.11,2015-04
2015-05-23,West,39.15,27.0135,2015-05
2015-06-29,West,266.95,184.1955,2015-06
2015-03-21,South,20552.55,4.11,2015-03
2015-04-10,South,87.8,28.566,2015-04
2015-04-09,West,3741.39,2581.5591,2015-04
2015-06-17,West,149.32,-25.112,2015-06
2015-06-17,West,177.01,17.376,2015-06
2015-06-17,West,35.16,24.2604,2015-06
2015-06-28,East,88.84,59.4405,2015-06
2015-06-17,East,696.96,14.48,2015-06
2015-06-17,East,149.41,22.25,2015-06
2015-02-25,East,4556.63,592.5265,2015-02
2015-02-25,East,2948.61,232.8,2015-02
2015-05-01,East,517.85,38.08,2015-05
2015-06-28,East,2373.32,-17.03,2015-06
2015-06-28,East,325.73,39.627,2015-06
2015-05-01,South,127.94,20.496,2015-05
2015-03-18,East,1350.94,103.83,2015-03
2015-02-25,East,75.17,-24.8976,2015-02
2015-02-25,East,1125.76,776.7744,2015-02
2015-02-25,East,746.03,344.544,2015-02
2015-06-28,East,593.33,-8.515,2015-06
2015-02-01,Central,13.05,9.0045,2015-02
2015-01-15,Central,58.95,-99.7625,2015-01
2015-01-15,Central,3672.89,-3061.82,2015-01
2015-02-04,Central,374.81,258.6189,2015-02
2015-02-04,Central,43.27,-6.71,2015-02
2015-01-15,Central,11.74,-0.01,2015-01
2015-04-28,East,5258.94,-421.76,2015-04
2015-04-28,East,66.74,6.79,2015-04
2015-04-28,East,1282.67,-421.76,2015-04
2015-02-16,East,208.83,-60.145,2015-02
2015-02-16,East,228.3,-111.72,2015-02
2015-02-16,East,129.53,33.01,2015-02
2015-02-16,Central,55.68,-111.72,2015-02
2015-04-09,Central,568.24,297.45716,2015-04
2015-04-09,Central,162.91,-564.6024,2015-04
2015-06-04,Central,97.65,-161.475,2015-06
2015-06-04,Central,1018.61,-0.814,2015-06
2015-01-31,Central,1145.6,790.464,2015-01
2015-03-29,Central,24.52,7.74,2015-03
2015-05-25,Central,5775.81,3985.3089,2015-05
2015-05-25,Central,1878.24,13.9568,2015-05
2015-01-31,Central,1634.67,788.79,2015-01
2015-03-16,South,9280.72,-70.14,2015-03
2015-03-25,South,1348.83,531.618,2015-03
2015-04-05,East,564.98,-107.5135,2015-04
2015-04-05,East,129.48,46.01,2015-04
2015-05-22,East,8216.28,1489.8,2015-05
2015-04-05,Central,152.11,-107.5135,2015-04
2015-04-05,Central,35.97,24.8193,2015-04
2015-04-09,Central,85.64,-255.1689,2015-04
2015-04-09,Central,2508.15,74.0048,2015-04
2015-04-09,Central,225.62,109.4248,2015-04
2015-04-23,Central,610.65,421.3485,2015-04
2015-04-23,Central,699.24,-373.09,2015-04
2015-04-23,Central,2346.03,-3465.072,2015-04
2015-05-21,Central,33.77,-11.2815,2015-05
2015-03-12,Central,172.79,-218.77,2015-03
2015-03-24,Central,19.66,-9.68,2015-03
2015-05-22,West,604.35,-164.3952,2015-05
2015-04-24,West,3.13,-8.208,2015-04
2015-04-20,South,38.65,-2196.684,2015-04
2015-05-07,West,378.23,43.538,2015-05
2015-06-11,Central,7.15,-11.376,2015-06
2015-02-10,South,29.85,533.742,2015-02
2015-05-12,South,366.44,-379.344,2015-05
2015-05-12,South,69.75,-1522.304,2015-05
2015-04-09,West,852.53,588.2457,2015-04
2015-05-01,West,219.66,151.5654,2015-05
2015-03-01,Central,81.9,54.9015,2015-03
2015-03-05,Central,2343.34,501.51,2015-03
2015-03-01,West,327.61,54.9015,2015-03
2015-01-24,Central,1774.5,875.2844,2015-01
2015-01-24,Central,1054.69,727.7361,2015-01
2015-01-24,East,6654.39,460.676,2015-01
2015-01-24,East,4429.69,393.42,2015-01
2015-02-12,Central,878.34,606.0546,2015-02
2015-02-12,Central,676.57,320.1,2015-02
2015-02-19,West,459.55,317.0895,2015-02
2015-02-19,West,536.9,250.36272,2015-02
2015-04-23,West,8.74,6.0306,2015-04
2015-02-17,West,182.33,125.8077,2015-02
2015-06-30,West,131.26,44.892,2015-06
2015-03-30,West,240.6,3.451,2015-03
2015-03-30,West,236.88,-275.253,2015-03
2015-01-05,West,2710.47,-746.44,2015-01
2015-01-05,West,8354.73,-274.95,2015-01
2015-03-30,West,48.3,-95.0475,2015-03
2015-03-30,West,58.81,3.451,2015-03
2015-03-30,West,47.38,-275.253,2015-03
2015-01-05,West,637.76,-746.44,2015-01
2015-01-05,West,2156.06,-274.95,2015-01
2015-02-10,Central,761.16,525.2004,2015-02
2015-02-10,East,682.68,-52.647,2015-02
2015-02-10,East,73.44,-24.44,2015-02
2015-02-10,East,2997.07,366.507,2015-02
2015-06-06,East,282.85,27.38,2015-06
2015-02-10,East,20.03,-12.7088,2015-02
2015-06-06,East,84.56,-5.295,2015-06
2015-06-06,East,70.71,41.07,2015-06
2015-04-30,South,51.86,-94.4909,2015-04
2015-04-17,South,56.24,-172.298,2015-04
2015-01-27,South,627.78,3285.48,2015-01
2015-04-30,East,283.44,46.0368,2015-04
2015-02-11,Central,8.3,-1.0712,2015-02
2015-02-11,Central,10.04,4.4104,2015-02
2015-06-03,Central,981.65,500.958,2015-06
2015-06-28,Central,1748.69,1206.5961,2015-06
2015-01-26,Central,119.29,82.3101,2015-01
2015-01-26,Central,3.08,1.2236,2015-01
2015-02-10,Central,69.46,-15.6312,2015-02
2015-02-10,Central,1145.72,790.5468,2015-02
2015-02-04,South,26.37,5.466,2015-02
2015-02-04,South,53.44,-149.1182,2015-02
2015-03-17,East,57.34,-90.26,2015-03
2015-01-07,Central,79.02,-326.2316,2015-01
2015-03-23,Central,25.45,16.898,2015-03
2015-03-23,Central,110.72,20.14,2015-03
2015-06-07,West,46.94,-21.232,2015-06
2015-06-27,East,26.18,18.0642,2015-06
2015-05-01,West,28.66,-93.25,2015-05
2015-06-30,South,123.18,-163.03,2015-06
2015-06-07,South,1533.59,23.616,2015-06
2015-01-25,West,2.77,-11.0732,2015-01
2015-05-13,West,31.55,21.7695,2015-05
2015-06-03,West,42.58,29.3802,2015-06
2015-05-16,West,145.36,100.2984,2015-05
2015-05-16,West,3616.52,2495.3988,2015-05
2015-04-24,West,7.96,-0.11,2015-04
2015-05-03,West,389.59,15.236,2015-05
2015-01-15,Central,447.89,-42.8536,2015-01
2015-01-21,Central,1420.84,-20.79,2015-01
2015-01-15,Central,111.97,-33.21154,2015-01
2015-01-21,Central,355.21,-20.79,2015-01
2015-04-07,West,536.23,369.9987,2015-04
2015-02-02,West,38.81,20.4536,2015-02
2015-04-07,East,2144.92,542.25,2015-04
2015-02-02,East,484.56,69.61,2015-02
2015-05-06,Central,471.21,-634.8654,2015-05
2015-06-25,Central,182.61,87.12,2015-06
2015-01-01,Central,36.58,25.2402,2015-01
2015-06-25,Central,2376.12,-94.674645,2015-06
2015-01-12,West,1020.08,451.2804,2015-01
2015-01-12,West,65.2,44.988,2015-01
2015-01-12,West,22.59,-20.7328,2015-01
2015-06-20,West,121.36,-164.3948,2015-06
2015-01-01,West,2013.67,-4793.004,2015-01
2015-02-05,Central,1824.33,1258.7877,2015-02
2015-03-05,Central,107.65,74.2785,2015-03
2015-06-20,Central,165.21,52.92,2015-06
2015-03-05,Central,25.15,-66.35,2015-03
2015-05-19,Central,4285.56,1399.64,2015-05
2015-05-19,Central,631.37,232.642,2015-05
2015-01-22,East,267.83,-409.3736,2015-01
2015-04-28,East,21.46,-29.07,2015-04
2015-06-25,Central,2767.95,1909.8855,2015-06
2015-01-30,Central,123.03,-76.9925,2015-01
2015-01-30,Central,431.84,297.9696,2015-01
2015-05-24,West,2366.51,1318.83,2015-05
2015-04-05,South,291.64,36.216,2015-04
2015-06-02,Central,252.36,134.16825,2015-06
2015-06-11,Central,575.07,253.3032,2015-06
2015-06-12,Central,1781.66,-723.784,2015-06
2015-06-12,West,940.64,589.188,2015-06
2015-06-12,West,439.27,-1314.992,2015-06
2015-03-21,East,4410.19,3043.0311,2015-03
2015-06-30,East,552.89,-44.624,2015-06
2015-05-25,East,621.56,309.254,2015-05
2015-01-21,East,88.83,61.2927,2015-01
2015-03-27,West,307.65,91.73,2015-03
2015-03-27,Central,76.91,53.0679,2015-03
2015-02-28,Central,151.34,-14.6432,2015-02
2015-03-11,Central,290.24,-127.56,2015-03
2015-03-11,Central,971.4,282.18,2015-03
2015-03-11,Central,193.51,-96.338,2015-03
2015-02-20,Central,157.81,-23.35788,2015-02
2015-02-20,Central,19.44,-18.2416,2015-02
2015-02-20,Central,4636.63,1428.9104,2015-02
2015-06-16,Central,739.07,509.9583,2015-06
2015-03-11,East,157.64,-255.65,2015-03
2015-03-11,East,42.16,-76.54,2015-03
2015-03-11,East,14.08,-10.09,2015-03
2015-03-11,East,256.73,-92.87,2015-03
2015-02-04,South,18.59,-298.886,2015-02
2015-02-04,South,58.83,-145.852,2015-02
2015-02-04,South,1557.66,-27.951,2015-02
2015-05-07,South,129.43,-3.6547,2015-05
2015-06-29,South,61.39,731.922,2015-06
2015-06-29,South,2435.52,186.558,2015-06
2015-06-13,Central,464.86,-138.0368,2015-06
2015-06-22,Central,288.67,199.1823,2015-06
2015-06-14,East,1030.51,711.0519,2015-06
2015-06-14,Central,2026.91,-899.675,2015-06
2015-02-10,South,115.53,-189.224,2015-02
2015-01-09,South,162.39,0.51,2015-01
2015-03-30,South,1316.03,-52.248,2015-03
2015-05-21,South,1395.41,70.176,2015-05
2015-01-09,South,4920.81,-161.924,2015-01
2015-01-17,South,28.22,-157.696,2015-01
2015-02-06,Central,74.01,-56.446,2015-02
2015-02-06,Central,48.1,33.189,2015-02
2015-06-23,Central,11015.82,-367.165,2015-06
2015-06-25,South,300.67,-243.544,2015-06
2015-01-01,South,723.54,-337.092,2015-01
2015-03-22,South,87.53,68.676,2015-03
2015-05-18,South,172.22,481.032,2015-05
2015-02-13,South,894.88,-4.018,2015-02
2015-06-01,South,16.67,-2.0097,2015-06
2015-06-01,South,195.16,-477.372,2015-06
2015-03-25,South,879.62,-954.758,2015-03
2015-03-25,South,361.19,219.4734,2015-03
2015-04-15,South,1088.26,-390.768,2015-04
2015-03-01,Central,105.75,-155.21,2015-03
2015-04-13,Central,63.93,-6.642,2015-04
2015-02-09,South,391.4,27.234,2015-02
2015-02-16,East,14.53,-8.398,2015-02
2015-04-04,East,144.03,83.7936,2015-04
2015-04-04,Central,48.81,-77.82372,2015-04
2015-05-11,East,7360.2,5078.538,2015-05
2015-05-11,East,89.06,23.276,2015-05
2015-05-11,East,134.97,17.754,2015-05
2015-04-10,East,17.42,-3.9312,2015-04
2015-01-16,East,19.12,2.4548,2015-01
2015-01-16,East,186.64,-537.2797773,2015-01
2015-01-07,East,3.53,-14.35982,2015-01
2015-01-07,East,706.56,-2870.2776,2015-01
2015-01-07,East,13121.07,77.9836,2015-01
2015-04-15,East,110.93,-200.859,2015-04
2015-02-06,East,118.35,-33.2956,2015-02
2015-05-11,West,17.31,-90.5855,2015-05
2015-05-11,West,23.56,-36.9,2015-05
2015-04-08,East,494.49,341.1981,2015-04
2015-04-06,Central,158.13,-175.13,2015-04
2015-04-06,East,163.01,3.96,2015-04
2015-05-24,Central,333.04,1.6169,2015-05
2015-05-24,Central,472.44,65.394,2015-05
2015-05-24,Central,18.73,1.336,2015-05
2015-03-27,East,2427.18,1674.7542,2015-03
2015-03-27,East,434.85,300.0465,2015-03
2015-03-27,East,19.16,-28.09,2015-03
2015-02-16,East,1959.88,-263.1119291,2015-02
2015-05-28,South,710.16,-38.808,2015-05
2015-01-15,South,48.25,15.984,2015-01
2015-04-15,South,243.24,-88.158,2015-04
2015-02-10,South,38.54,-76.1068,2015-02
2015-04-09,South,1483.16,-73.49412,2015-04
2015-01-14,West,562.93,-272.860884,2015-01
2015-01-14,West,29.18,10.5792,2015-01
2015-01-12,West,1634.13,1127.5497,2015-01
2015-02-26,East,214.14,147.7566,2015-02
2015-06-14,Central,100.79,69.5451,2015-06
2015-03-15,East,35.97,8.53,2015-03
2015-03-25,Central,735.7,507.633,2015-03
2015-03-25,Central,225.59,38.23,2015-03
2015-02-24,East,145.12,100.1328,2015-02
2015-05-09,South,94.27,15.096,2015-05
2015-05-09,South,82.21,14.9124,2015-05
2015-05-09,South,417.47,-135.226,2015-05
2015-01-24,West,1104.32,-457.73,2015-01
2015-01-24,West,149.8,-268.664,2015-01
2015-02-26,West,6.97,-8.28,2015-02
2015-04-24,South,367.52,1912.422,2015-04
2015-04-24,South,1576.35,-739.326,2015-04
2015-02-09,South,52.16,-40.53,2015-02
2015-05-12,South,4881.84,0.696,2015-05
2015-06-07,South,926.3,15.528,2015-06
2015-06-07,South,942.53,-225.5638,2015-06
2015-03-20,East,276.64,-22.72,2015-03
2015-05-03,East,514.62,-163.53,2015-05
2015-05-03,East,817.32,554.77,2015-05
2015-02-14,Central,284.48,-38.38,2015-02
2015-03-14,Central,225.98,-56.35,2015-03
2015-02-14,Central,72.77,-19.9576,2015-02
2015-03-14,Central,57.7,-56.35,2015-03
2015-03-03,Central,19.67,-129.01,2015-03
2015-03-24,Central,514.79,-628.38,2015-03
2015-01-24,East,893.53,616.5357,2015-01
2015-06-01,East,2053.6,-143.235,2015-06
2015-01-23,Central,37.89,-123.1816,2015-01
2015-01-23,South,343.79,-28.798,2015-01
2015-05-11,South,188.09,-273.98,2015-05
2015-01-16,South,129.54,-253.778,2015-01
2015-03-25,East,49.44,-152.5245,2015-03
2015-03-25,East,14.29,-18.85,2015-03
2015-01-17,South,45.28,-220.052,2015-01
2015-01-17,South,13.57,20.39337,2015-01
2015-01-17,East,55.48,38.2812,2015-01
2015-05-20,East,5319.35,3670.3515,2015-05
2015-01-21,East,30.44,21.0035,2015-01
2015-05-10,East,3251.76,13.536,2015-05
2015-03-16,South,22.48,-167.048,2015-03
2015-04-11,South,267.32,-31.094,2015-04
2015-05-29,South,284.39,-6.202,2015-05
2015-03-08,South,974.14,-48.874,2015-03
2015-01-17,South,128.13,-144.592,2015-01
2015-05-16,South,464.94,-258.566,2015-05
2015-01-31,West,2188.06,13.508,2015-01
2015-02-07,West,320.93,-66.48,2015-02
2015-02-07,West,261.85,-52.33,2015-02
2015-05-16,West,1834.61,-59.06,2015-05
2015-05-07,East,261.56,149.166,2015-05
2015-01-21,East,114.81,-76.9,2015-01
2015-02-22,East,546.21,376.8849,2015-02
2015-04-07,West,272.86,-88.6248,2015-04
2015-04-04,East,2119.54,-662.52,2015-04
2015-04-04,East,45737.33,9228.2256,2015-04
2015-06-28,East,438.25,-32.28,2015-06
2015-04-04,East,561.06,-596.268,2015-04
2015-04-04,East,11434.33,7889.6877,2015-04
2015-04-04,East,3229.24,1545.80976,2015-04
2015-06-28,East,101.13,-16.14,2015-06
2015-06-03,South,451.83,-130.424,2015-06
2015-06-03,South,20.24,-106.421,2015-06
2015-03-28,South,1486.34,-16476.838,2015-03
2015-06-14,South,406.26,-108.2725,2015-06
2015-05-03,South,5835.41,-90.748,2015-05
2015-02-12,Central,52.1,-121.05808,2015-02
2015-01-09,South,45.87,-51.737,2015-01
2015-02-14,South,256.77,116.5063,2015-02
2015-06-12,South,605.82,-247.55157,2015-06
2015-06-12,South,1569.0,-277.20924,2015-06
2015-06-12,Central,151.46,-93.0645,2015-06
2015-01-09,Central,10.19,-48.236,2015-01
2015-02-14,Central,64.19,44.2911,2015-02
2015-02-27,West,118.57,43.2752,2015-02
2015-02-27,West,79.47,-36.21462,2015-02
2015-02-27,West,627.28,7.03296,2015-02
2015-01-22,South,1160.42,-16.772,2015-01
2015-03-01,South,103.37,514.1772,2015-03
2015-03-01,South,40.22,235.656,2015-03
2015-05-04,Central,52.43,3.5581,2015-05
2015-03-26,South,818.49,5.3397,2015-03
2015-03-06,Central,410.17,-807.89,2015-03
2015-06-14,Central,269.54,123.89175,2015-06
2015-02-04,Central,106.57,-53.898,2015-02
2015-04-22,Central,38.41,26.5029,2015-04
2015-01-03,Central,131.34,90.6246,2015-01
2015-04-02,Central,251.61,-20.8764,2015-04
2015-05-10,Central,287.99,6.48324,2015-05
2015-05-10,Central,46.86,2.332,2015-05
2015-06-12,West,658.62,454.4478,2015-06
2015-01-07,West,21.96,15.1524,2015-01
2015-01-06,West,24.57,-90.7556,2015-01
2015-01-21,South,1008.53,960.984,2015-01
2015-01-06,Central,6968.9,-13706.464,2015-01
2015-06-01,South,41.29,300.9258,2015-06
2015-03-17,East,88.64,-40.76,2015-03
2015-05-23,South,1300.54,-986.524,2015-05
2015-05-23,South,38.06,-141.666,2015-05
2015-02-11,South,1263.35,47.334,2015-02
2015-02-05,Central,202.38,60.5616,2015-02
2015-04-15,Central,56.38,-47.243088,2015-04
2015-04-15,Central,119.13,9.154,2015-04
2015-02-05,East,809.51,40.92,2015-02
2015-04-15,East,643.64,149.72,2015-04
2015-04-15,East,244.31,-52.49232,2015-04
2015-04-15,East,466.58,7.96,2015-04
2015-04-15,East,2290.69,-459.0828,2015-04
2015-04-18,Central,337.59,-517.17,2015-04
2015-05-12,Central,10.65,-7.61,2015-05
2015-02-19,Central,55.13,38.0397,2015-02
2015-04-18,Central,215.32,-429.86,2015-04
2015-04-18,Central,382.85,264.1665,2015-04
2015-02-19,Central,44.8,-47.12,2015-02
2015-01-06,Central,100.99,-101.246,2015-01
2015-01-06,Central,142.06,-1.88,2015-01
2015-03-25,Central,58.52,-11.69,2015-03
2015-01-06,Central,363.74,250.9806,2015-01
2015-01-06,Central,15.93,-57.753,2015-01
2015-01-06,Central,21.28,-47.97,2015-01
2015-04-19,West,675.83,-219.07908,2015-04
2015-04-19,West,28.0,-18.8784,2015-04
2015-03-30,East,535.08,369.2052,2015-03
2015-04-01,South,222.71,19.35,2015-04
2015-04-01,South,220.52,-967.834,2015-04
2015-03-19,West,68.34,-28.45,2015-03
2015-03-19,East,522.22,72.78,2015-03
2015-06-15,East,28.01,13.2294,2015-06
2015-05-03,West,80.35,-88.82,2015-05
2015-01-17,South,99.69,15.354,2015-01
2015-01-17,South,152.49,-357.924,2015-01
2015-01-29,South,320.75,34.302,2015-01
2015-03-01,East,11.35,-7.96,2015-03
2015-03-01,East,7029.1,4407.44,2015-03
2015-04-17,East,1059.38,-1025.0172,2015-04
2015-04-05,East,2233.46,429.754356,2015-04
2015-04-26,Central,928.92,588.54,2015-04
2015-02-24,Central,3845.35,2653.2915,2015-02
2015-02-24,Central,3.77,-1.84,2015-02
2015-03-18,Central,343.54,237.0426,2015-03
2015-05-17,East,3627.08,2502.6852,2015-05
2015-05-17,East,8.34,0.688,2015-05
2015-01-01,South,63.32,36.906,2015-01
2015-02-27,South,83.72,-216.0298,2015-02
2015-04-16,South,1011.44,-45.472,2015-04
2015-03-27,South,132.23,16.1364,2015-03
2015-03-01,South,210.33,-29.61,2015-03
2015-04-04,South,168.04,125.724,2015-04
2015-02-24,South,882.93,114.882,2015-02
2015-02-06,South,1757.15,-14.448,2015-02
2015-01-21,South,1786.04,-42.546,2015-01
2015-04-19,Central,34.76,14.0,2015-04
2015-05-30,Central,561.65,52.988,2015-05
2015-04-08,Central,413.73,285.4737,2015-04
2015-05-30,Central,55.6,10.508,2015-05
2015-05-30,Central,2099.61,1448.7309,2015-05
2015-05-30,Central,96.6,1.004,2015-05
2015-03-22,Central,558.17,-521.09,2015-03
2015-03-22,West,8.39,-29.49,2015-03
2015-04-19,West,559.43,386.0067,2015-04
2015-04-19,West,1216.52,-1867.97,2015-04
2015-01-26,East,1058.36,-1920.9336,2015-01
2015-01-26,East,18.31,-37.1752,2015-01
2015-02-01,West,4935.22,-213.4028,2015-02
2015-01-06,West,51.03,-15.48,2015-01
2015-06-19,West,746.91,-50.245,2015-06
2015-04-07,Central,77.47,-387.1044,2015-04
2015-06-18,West,204.34,-55.97,2015-06
2015-01-22,South,206.04,-66.2473,2015-01
2015-04-18,South,475.42,-171.1577,2015-04
2015-04-18,South,3598.82,624.239,2015-04
2015-04-18,South,41.22,-14.3241,2015-04
2015-04-18,Central,875.39,604.0191,2015-04
2015-04-18,Central,8.24,-11.6316,2015-04
2015-03-18,Central,641.11,442.3659,2015-03
2015-01-18,South,35.48,-259.756,2015-01
2015-01-18,East,2130.04,1469.7276,2015-01
2015-01-18,East,82.8,-83.55306,2015-01
2015-05-20,Central,99.02,-16.89,2015-05
2015-05-20,Central,46.4,25.51,2015-05
2015-01-10,Central,551.51,-850.6524,2015-01
2015-01-10,Central,142.79,98.5251,2015-01
2015-03-23,Central,585.08,214.23,2015-03
2015-05-05,West,72.75,21.8834,2015-05
2015-05-16,South,269.33,290.202,2015-05
2015-05-06,Central,377.0,12.146,2015-05
2015-05-06,Central,42.99,5.687,2015-05
2015-01-03,West,65.69,-181.102,2015-01
2015-01-21,West,2748.21,882.93,2015-01
2015-01-21,West,93.19,6.6804,2015-01
2015-05-15,West,363.37,46.29,2015-05
2015-05-15,West,480.75,177.79,2015-05
2015-04-30,West,16.88,-14.9904,2015-04
2015-02-22,West,925.19,638.3811,2015-02
2015-01-25,South,408.66,17.652,2015-01
2015-05-07,South,122.93,739.674,2015-05
2015-06-02,South,32.66,-23.156,2015-06
2015-06-03,East,14.85,-10.435,2015-06
2015-04-17,West,45.0,-78.91668,2015-04
2015-04-17,West,6569.07,-13562.63741,2015-04
2015-03-05,West,88.22,-63.35,2015-03
2015-06-18,Central,40.29,-8.904,2015-06
2015-03-22,Central,151.27,88.72,2015-03
2015-03-22,Central,10.51,7.2519,2015-03
2015-04-04,Central,74.93,-191.49,2015-04
2015-02-13,East,1370.99,-1330.5,2015-02
2015-03-17,Central,1913.84,1320.5496,2015-03
2015-03-17,Central,2692.12,1585.503,2015-03
2015-03-18,Central,762.38,526.0422,2015-03
2015-05-18,South,36.72,-40.432,2015-05
2015-03-12,West,305.71,-88.61,2015-03
2015-04-21,East,277.12,109.16,2015-04
2015-06-24,South,100.11,-136.122,2015-06
2015-06-12,Central,31.54,-27.375,2015-06
2015-06-12,Central,4634.69,-435.7575,2015-06
2015-06-12,Central,7304.03,682.53,2015-06
2015-06-12,Central,632.65,-277.222,2015-06
2015-06-21,South,290.98,-266.686,2015-06
2015-06-21,South,21.77,-12.278,2015-06
2015-02-19,West,384.22,265.1118,2015-02
2015-02-19,West,31.64,9.5608,2015-02
2015-02-19,West,565.36,390.0984,2015-02
2015-02-13,South,32.76,46.65,2015-02
2015-01-17,South,336.92,-1250.746,2015-01
2015-03-27,South,114.91,374.904,2015-03
2015-03-27,South,934.52,-528.836,2015-03
2015-01-29,Central,260.66,-272.7132,2015-01
2015-01-29,South,4249.37,-162.694,2015-01
2015-06-26,South,6676.61,-115.9039,2015-06
2015-05-08,South,291.4,-729.988,2015-05
2015-03-26,South,146.5,-133.546,2015-03
2015-03-31,South,38.98,272.694,2015-03
2015-04-19,South,34.16,-61.6,2015-04
2015-01-12,South,120.34,66.852,2015-01
2015-05-16,Central,153.61,17.8398,2015-05
2015-02-01,Central,1414.88,976.2672,2015-02
2015-02-01,Central,33.63,23.2047,2015-02
2015-05-16,Central,1063.81,183.843,2015-05
2015-02-01,Central,242.7,167.463,2015-02
2015-02-11,Central,3377.06,1307.2692,2015-02
2015-02-11,Central,123.93,-15.8184,2015-02
2015-02-11,Central,93.96,-55.8324,2015-02
2015-04-07,Central,1818.41,550.3808,2015-04
2015-01-03,East,8.95,1.68,2015-01
2015-06-30,East,652.84,450.4596,2015-06
2015-06-30,East,12750.99,8798.1831,2015-06
2015-06-30,East,20.54,-5.385,2015-06
2015-02-05,West,7840.04,3031.9724,2015-02
2015-04-18,South,1094.33,138.018,2015-04
2015-04-18,South,389.97,38.874,2015-04
2015-01-08,South,84.59,-45.528,2015-01
2015-06-06,Central,9666.72,567.59,2015-06
2015-06-06,Central,134.58,-28.45,2015-06
2015-06-06,Central,33.65,-14.225,2015-06
2015-03-26,South,66.12,-601.804,2015-03
2015-04-23,South,3.07,38.406,2015-04
2015-02-26,South,255.83,53.1144,2015-02
2015-02-26,South,421.18,8.742,2015-02
2015-04-29,South,1377.46,636.522,2015-04
2015-04-20,Central,6600.63,4554.4347,2015-04
2015-04-20,Central,1811.99,618.19308,2015-04
2015-02-01,South,799.76,-15.1844,2015-02
2015-01-01,South,609.09,-61.194,2015-01
2015-03-26,South,2761.94,18.174,2015-03
2015-03-18,Central,33.95,-49.53,2015-03
2015-01-03,Central,302.34,-407.85,2015-01
2015-01-10,Central,334.44,-191.2576,2015-01
2015-02-06,West,556.61,196.52328,2015-02
2015-01-31,South,64.48,-343.868,2015-01
2015-04-16,Central,4845.27,-3971.0628,2015-04
2015-02-18,West,19.68,-18.4782,2015-02
2015-02-18,West,9798.84,-381.8412,2015-02
2015-02-18,West,154.11,12.5504,2015-02
2015-02-18,West,242.97,45.3324,2015-02
2015-06-13,South,200.61,33.66,2015-06
2015-02-10,South,237.83,15.678,2015-02
2015-01-06,South,53.02,52.776,2015-01
2015-01-05,Central,248.84,-162.8244,2015-01
2015-02-09,Central,7.21,-6.93082,2015-02
2015-03-16,Central,253.87,-118.54,2015-03
2015-03-16,Central,5880.46,2963.48,2015-03
2015-05-03,Central,577.25,398.3025,2015-05
2015-05-03,Central,4075.18,709.852,2015-05
2015-05-03,Central,1798.23,80.8092,2015-05
2015-05-20,Central,727.2,371.272,2015-05
2015-05-20,East,6173.42,77.0008954,2015-05
2015-05-20,East,1553.7,27.9686,2015-05
2015-01-09,West,18.68,-66.77958,2015-01
2015-01-09,West,36.3,-144.9188,2015-01
2015-01-09,East,16.03,-5.0716,2015-01
2015-01-27,East,25.35,-1.18,2015-01
2015-06-15,South,19.32,-203.098,2015-06
2015-05-08,Central,86.8,-48.57,2015-05
2015-05-08,East,381.91,-48.57,2015-05
2015-02-14,Central,761.67,-47.28,2015-02
2015-02-14,Central,5014.07,722.241,2015-02
2015-02-14,South,186.19,-161.0,2015-02
2015-02-14,South,1227.94,848.3646,2015-02
2015-04-07,East,294.97,-88.8408,2015-04
2015-04-07,East,2458.05,1208.9904,2015-04
2015-04-07,East,2465.75,9.9912,2015-04
2015-06-26,East,650.25,126.225,2015-06
2015-06-26,East,272.12,187.7628,2015-06
2015-05-22,East,428.85,295.9065,2015-05
2015-05-22,East,342.54,-2111.36,2015-05
2015-03-25,Central,27.96,-9.13,2015-03
2015-01-31,Central,1635.38,357.428,2015-01
2015-01-31,Central,58.48,40.3512,2015-01
2015-01-31,Central,40.05,27.6345,2015-01
2015-02-04,Central,1117.66,751.58,2015-02
2015-01-04,Central,807.0,-663.5142,2015-01
2015-02-04,Central,169.46,-157.56,2015-02
2015-02-10,Central,5768.12,-87.99804,2015-02
2015-01-05,Central,55.25,-35.2904,2015-01
2015-01-05,Central,551.22,-74.8836,2015-01
2015-01-22,South,83.93,-98.056,2015-01
2015-01-01,East,193.88,-425.2084,2015-01
2015-04-19,East,990.25,631.33,2015-04
2015-06-23,East,14.76,-22.176,2015-06
2015-06-23,East,808.44,-214.104,2015-06
2015-06-23,East,67.41,-26.936,2015-06
2015-02-28,South,55.08,-324.73,2015-02
2015-02-21,West,1608.11,1500.12,2015-02
2015-04-06,South,99.75,-313.0218,2015-04
2015-04-13,East,51.41,-192.5532,2015-04
2015-01-27,South,68.72,-464.282,2015-01
2015-04-28,South,618.96,156.7434,2015-04
2015-04-28,South,77.54,110.118,2015-04
2015-01-02,South,361.72,-42.588,2015-01
2015-03-24,South,1373.47,-222.95,2015-03
2015-06-12,South,91.92,7.6245,2015-06
2015-03-09,South,73.29,-1676.612,2015-03
2015-03-09,South,2961.32,45.1278,2015-03
2015-02-15,South,87.11,-52.864,2015-02
2015-02-15,South,170.46,45.378,2015-02
2015-04-21,South,4.95,4949.916,2015-04
2015-04-21,South,461.24,1055.604,2015-04
2015-01-26,Central,577.75,359.83,2015-01
2015-01-29,Central,59.4,-69.874,2015-01
2015-01-29,Central,66.46,-135.74,2015-01
2015-05-26,Central,35.35,-14.52,2015-05
2015-05-26,Central,248.21,171.2649,2015-05
2015-06-03,South,4086.5,138.222,2015-06
2015-02-06,South,375.03,711.2448,2015-02
2015-02-06,South,22.11,-1084.846963,2015-02
2015-02-06,South,2875.35,-156.772,2015-02
2015-03-16,Central,78.08,-37.6,2015-03
2015-05-05,Central,2013.88,1389.5772,2015-05
2015-05-05,Central,201.32,-222.816,2015-05
2015-05-05,Central,298.51,-133.71,2015-05
2015-06-30,East,3846.06,2653.7814,2015-06
2015-06-22,East,35.93,10.32,2015-06
2015-01-27,Central,1610.84,997.38144,2015-01
2015-02-05,Central,86.12,-36.0308,2015-02
2015-01-24,Central,76.87,-28.954,2015-01
2015-03-13,South,374.6,-85.022,2015-03
2015-02-04,South,61.87,99.198,2015-02
2015-02-04,South,48.88,136.0314,2015-02
2015-02-04,South,21.56,-100.072,2015-02
2015-03-25,South,164.67,-12.0267,2015-03
2015-03-25,South,72.74,122.508,2015-03
2015-03-25,South,418.75,-12.0267,2015-03
2015-02-19,South,469.59,34.068,2015-02
2015-05-04,Central,136.25,2.97,2015-05
2015-01-06,Central,558.41,385.3029,2015-01
2015-01-06,Central,290.22,187.2,2015-01
2015-02-04,Central,1129.67,779.4723,2015-02
2015-02-11,South,2439.37,27.726,2015-02
2015-01-03,South,92.02,244.464,2015-01
2015-01-03,South,283.55,-473.578,2015-01
2015-02-11,East,9757.48,-96.05,2015-02
2015-01-03,East,850.64,-270.85,2015-01
2015-06-21,Central,1159.79,800.2551,2015-06
2015-03-24,South,20.22,-50.4,2015-03
2015-03-24,South,1548.97,-348.754,2015-03
2015-03-16,West,337.86,-550.43,2015-03
2015-03-16,West,84.21,-52.12,2015-03
2015-06-19,West,38.74,-27.005,2015-06
2015-03-24,Central,134.09,74.6385,2015-03
2015-06-23,Central,191.73,-122.235,2015-06
2015-04-06,Central,618.85,427.0065,2015-04
2015-04-09,Central,115.99,-190.49,2015-04
2015-04-09,Central,19.46,-8.77,2015-04
2015-06-02,Central,44.75,-7.685,2015-06
2015-01-13,East,9.23,-82.5592,2015-01
2015-03-29,East,96.13,18.1475,2015-03
2015-05-25,Central,73.96,2.806,2015-05
2015-03-14,South,1805.9,-132.426,2015-03
2015-03-14,South,311.41,-411.236,2015-03
2015-01-10,South,3707.05,-48.972,2015-01
2015-05-20,South,2805.18,62.298,2015-05
2015-03-30,East,80.86,-119.32,2015-03
2015-06-20,East,1096.63,756.6747,2015-06
2015-06-20,East,632.12,-222.343,2015-06
2015-06-23,East,1302.98,-1537.1356,2015-06
2015-04-29,East,131.79,52.6976,2015-04
2015-04-29,East,35.33,-78.19416,2015-04
2015-02-15,West,674.55,465.4395,2015-02
2015-06-16,West,1721.24,-89.27,2015-06
2015-03-15,West,668.38,385.37,2015-03
2015-03-04,South,324.62,147.0,2015-03
2015-02-14,South,40.93,-1045.016,2015-02
2015-02-05,South,53.42,167.16,2015-02
2015-02-25,South,8.49,-344.82,2015-02
2015-04-11,East,69.89,-61.5276,2015-04
2015-01-13,South,77.42,-41.9727,2015-01
2015-03-15,Central,7.2,-1.56,2015-03
2015-03-05,West,61.29,-100.24,2015-03
2015-03-05,West,109.15,-262.62,2015-03
2015-05-05,Central,1477.84,1019.7096,2015-05
2015-04-26,Central,29.08,19.04,2015-04
2015-05-05,Central,1162.46,-1069.72,2015-05
2015-04-26,East,109.86,19.04,2015-04
2015-05-05,East,5911.35,1408.1865,2015-05
2015-05-05,East,4649.85,-1069.72,2015-05
2015-05-22,West,2259.99,2000.11,2015-05
2015-05-25,East,42.46,-45.64,2015-05
2015-05-25,East,314.06,204.49,2015-05
2015-06-04,East,1009.99,-1455.9972,2015-06
2015-06-04,East,92.16,-22.56,2015-06
2015-05-29,South,16.5,-1191.526,2015-05
2015-01-04,South,1202.66,-45.01,2015-01
2015-05-01,South,196.69,39.21,2015-05
2015-05-01,South,40.28,100.38,2015-05
2015-03-23,South,904.31,79.4232,2015-03
2015-02-24,Central,96.86,-15.0904,2015-02
2015-03-14,South,765.65,-60.564,2015-03
2015-01-06,South,8.72,-1473.906,2015-01
2015-01-10,South,6355.69,-343.126,2015-01
2015-01-10,South,28.09,66.36,2015-01
2015-03-26,South,1130.15,-162.918,2015-03
2015-03-26,South,54.37,859.7178,2015-03
2015-05-06,South,100.87,-23.072,2015-05
2015-05-24,Central,1857.08,650.3,2015-05
2015-01-22,Central,42.56,-154.307,2015-01
2015-01-21,Central,414.91,269.94,2015-01
2015-03-15,Central,91.39,63.0591,2015-03
2015-05-02,Central,202.29,139.5801,2015-05
2015-05-02,Central,168.71,109.67,2015-05
2015-02-17,Central,885.65,395.308,2015-02
2015-03-24,Central,152.05,104.9145,2015-03
2015-04-10,Central,49.1,24.59,2015-04
2015-03-29,Central,246.44,-458.744,2015-03
2015-06-10,West,199.08,-9.177,2015-06
2015-05-19,West,2039.07,-121.75,2015-05
2015-05-19,Central,436.94,24.35,2015-05
2015-06-06,Central,37.38,-34.7645,2015-06
2015-06-10,Central,47.4,-7.3416,2015-06
2015-03-01,Central,260.0,35.29,2015-03
2015-04-04,South,709.7,-100.17,2015-04
2015-04-04,South,27.42,-3.948,2015-04
2015-01-18,South,739.06,1633.986,2015-01
2015-06-01,South,30.47,-2002.6314,2015-06
2015-06-29,Central,96.96,-126.208,2015-06
2015-05-23,Central,4.21,-5.54,2015-05
2015-03-01,South,3550.28,-68.432,2015-03
2015-01-22,South,1188.63,733.2822,2015-01
2015-01-22,South,1009.93,-905.9904,2015-01
2015-01-22,Central,140.7,-21.63242,2015-01
2015-01-03,Central,15.95,-35.04,2015-01
2015-05-23,Central,42.35,5.98,2015-05
2015-01-03,East,63.78,-35.04,2015-01
2015-01-03,East,451.61,149.53,2015-01
2015-05-11,South,10.41,608.262,2015-05
2015-05-11,South,2849.64,-570.1696,2015-05
2015-01-20,South,38.04,1.278,2015-01
2015-01-20,South,42.53,424.29,2015-01
2015-02-27,Central,14.77,-3.71956,2015-02
2015-02-27,Central,438.33,101.972,2015-02
2015-02-27,Central,38.11,-16.6348,2015-02
2015-04-27,South,169.46,765.75,2015-04
2015-03-13,South,724.57,-335.041,2015-03
2015-02-21,Central,51.13,35.2797,2015-02
2015-04-06,South,79.61,-188.034,2015-04
2015-03-13,South,109.99,322.122,2015-03
2015-03-13,South,900.12,366.54,2015-03
2015-02-06,South,237.62,-439.908,2015-02
2015-02-06,South,176.42,1087.716,2015-02
2015-02-03,South,2084.16,9.204,2015-02
2015-06-20,South,43.41,257.0832,2015-06
2015-06-20,South,46.42,0.7854,2015-06
2015-06-02,South,1140.95,88.56,2015-06
2015-04-09,South,42.69,12.726,2015-04
2015-04-09,South,327.41,160.8066,2015-04
2015-02-11,West,3786.84,-1596.7458,2015-02
2015-04-26,West,2012.11,1388.3559,2015-04
2015-01-12,West,471.66,109.836,2015-01
2015-02-14,West,662.8,-93.85,2015-02
2015-01-12,West,119.86,82.7034,2015-01
2015-02-14,West,2651.21,-93.85,2015-02
2015-04-26,West,38.96,0.37,2015-04
2015-04-26,West,8048.45,1947.67,2015-04
2015-01-12,West,1939.03,109.836,2015-01
2015-01-12,West,457.63,128.03,2015-01
2015-04-09,West,170.75,31.752,2015-04
2015-04-09,West,1339.42,117.208,2015-04
2015-04-26,West,8.66,0.37,2015-04
2015-02-18,West,10554.63,1240.25,2015-02
2015-02-18,West,1749.64,-533.232,2015-02
2015-02-02,West,355.4,-61.59,2015-02
2015-02-05,West,148.36,-46.25,2015-02
2015-02-18,Central,2814.57,1240.25,2015-02
2015-02-02,Central,88.85,-32.0268,2015-02
2015-03-19,Central,70.82,-45.816,2015-03
2015-03-19,Central,90.44,30.63,2015-03
2015-06-05,East,10.72,-6.835,2015-06
2015-06-05,East,10180.01,7024.2069,2015-06
2015-01-08,East,42.44,-137.494,2015-01
2015-05-05,East,462.57,308.67,2015-05
2015-06-15,East,125.37,-223.944,2015-06
2015-06-05,East,190.85,36.495,2015-06
2015-06-05,East,370.68,255.7692,2015-06
2015-02-18,Central,2400.95,1656.6555,2015-02
2015-06-05,East,7303.05,2639.01,2015-06
2015-05-23,South,58.05,395.76,2015-05
2015-05-23,South,68.64,-39.396,2015-05
2015-03-29,West,277.07,-89.5,2015-03
2015-05-02,West,51.99,28.4,2015-05
2015-03-29,East,149.67,103.2723,2015-03
2015-04-07,South,61.1,215.718,2015-04
2015-04-07,South,193.81,106.9848,2015-04
2015-06-11,South,257.48,3.54,2015-06
2015-06-11,South,3194.99,40.284,2015-06
2015-03-10,South,202.98,90.024,2015-03
2015-04-19,South,10.86,2.232,2015-04
2015-04-04,West,1477.57,840.051,2015-04
2015-04-21,West,382.29,61.47,2015-04
2015-04-21,West,881.74,18.27,2015-04
2015-04-21,West,7384.18,-513.79042,2015-04
2015-06-04,West,448.26,23.87,2015-06
2015-04-21,East,95.57,61.47,2015-04
2015-04-21,East,214.48,18.27,2015-04
2015-04-21,East,1790.1,-513.79042,2015-04
2015-06-04,East,110.68,35.805,2015-06
2015-04-04,East,385.45,265.9605,2015-04
2015-02-12,Central,19.32,-20.3205,2015-02
2015-01-09,Central,30.1,-88.04,2015-01
2015-02-02,Central,261.21,180.2349,2015-02
2015-02-02,Central,42.79,29.5251,2015-02
2015-03-22,East,1828.22,1261.4718,2015-03
2015-04-08,East,29.77,-59.96376,2015-04
2015-04-08,East,147.19,89.4148,2015-04
2015-04-08,Central,39.17,27.0273,2015-04
2015-04-25,West,87.85,-150.2604,2015-04
2015-04-25,West,7429.63,4899.1288,2015-04
2015-04-25,West,224.29,44.712,2015-04
2015-04-25,West,51.2,-22.626,2015-04
2015-04-25,East,29718.53,4260.112,2015-04
2015-04-25,East,197.48,-25.14,2015-04
2015-05-02,South,46.85,309.7116,2015-05
2015-05-02,South,93.57,-128.856,2015-05
2015-05-02,South,2694.49,-36.946,2015-05
2015-01-03,South,174.5,-274.498,2015-01
2015-01-17,South,26.01,0.588,2015-01
2015-06-07,Central,1527.97,-251.4039,2015-06
2015-06-07,Central,110.86,-2.345,2015-06
2015-06-09,Central,97.98,67.6062,2015-06
2015-02-28,Central,127.83,-46.5244,2015-02
2015-06-26,Central,289.88,200.0172,2015-06
2015-04-17,South,4354.55,-39.606,2015-04
2015-03-12,South,146.17,311.73,2015-03
2015-03-21,East,42.02,-50.75,2015-03
2015-04-05,East,3705.14,2225.07612,2015-04
2015-04-05,East,945.36,-338.180832,2015-04
2015-05-16,West,49.24,-136.252,2015-05
2015-01-24,East,68.45,-25.76,2015-01
2015-03-11,Central,44.75,-45.21,2015-03
2015-06-27,Central,40.69,-286.245,2015-06
2015-01-17,East,130.11,16.12,2015-01
2015-01-17,East,337.34,-815.9008,2015-01
2015-01-17,East,280.43,15.808,2015-01
2015-03-23,East,103.39,29.17,2015-03
2015-03-23,East,435.39,-48.97,2015-03
2015-03-23,East,1051.52,84.05,2015-03
2015-03-23,Central,25.85,17.8365,2015-03
2015-02-09,Central,119.37,-20.2228,2015-02
2015-03-23,South,257.92,381.618,2015-03
2015-03-19,South,207.22,-177.058,2015-03
2015-02-07,West,237.8,164.082,2015-02
2015-01-17,Central,448.47,-54.63,2015-01
2015-01-05,Central,1000.26,690.1794,2015-01
2015-01-05,Central,2184.99,1507.6431,2015-01
2015-01-05,Central,1191.2,801.7468,2015-01
2015-01-07,Central,165.71,-139.18256,2015-01
2015-06-08,West,1277.49,881.4681,2015-06
2015-03-19,West,14.2,3.84,2015-03
2015-03-17,West,52.21,-21.03,2015-03
2015-03-17,West,170.32,117.5208,2015-03
2015-06-11,East,203.29,-30.808,2015-06
2015-05-04,East,759.88,524.3172,2015-05
2015-05-25,West,94.2,21.78,2015-05
2015-02-22,Central,34.32,-98.35,2015-02
2015-02-22,Central,392.45,270.7905,2015-02
2015-04-18,South,511.25,223.416,2015-04
2015-04-08,South,29.88,-93.9274,2015-04
2015-02-24,East,599.03,-321.51,2015-02
2015-04-02,East,356.92,246.2748,2015-04
2015-04-02,East,136.16,93.9504,2015-04
2015-03-28,Central,130.74,29.98,2015-03
2015-03-28,Central,49.87,-121.2,2015-03
2015-04-21,Central,24.18,10.7824,2015-04
2015-05-29,West,27587.55,2008.71,2015-05
2015-05-29,West,1191.58,-80.53,2015-05
2015-05-29,South,6938.19,-48.958,2015-05
2015-06-16,South,419.27,-32.816,2015-06
2015-06-16,South,36.0,-15.61,2015-06
2015-02-15,South,11.78,23.616,2015-02
2015-02-15,South,20.96,-1748.012,2015-02
2015-04-10,South,26.66,-180.152,2015-04
2015-04-10,South,29.55,8.388,2015-04
2015-04-10,South,1237.4,9.9399,2015-04
2015-04-04,East,17.64,-66.171,2015-04
2015-05-04,East,74.23,51.2187,2015-05
2015-05-04,East,627.19,380.468,2015-05
2015-03-05,South,612.92,-89.418,2015-03
2015-02-23,South,29.08,9.252,2015-02
2015-02-23,South,2569.57,-1197.042,2015-02
2015-05-22,West,78.99,-103.224,2015-05
2015-04-08,West,1345.33,-84.6288,2015-04
2015-04-30,South,15.19,2755.6422,2015-04
2015-04-30,South,59.49,-256.018,2015-04
2015-05-28,East,57.84,-41.77,2015-05
2015-05-28,East,1425.71,-1014.11,2015-05
2015-06-21,Central,25.26,17.4294,2015-06
2015-06-21,Central,736.16,-178.8696,2015-06
2015-01-12,Central,31.96,-74.64,2015-01
2015-03-01,Central,98.17,65.41,2015-03
2015-06-16,South,264.95,-25.634,2015-06
2015-05-01,South,53.21,-37.562,2015-05
2015-05-01,South,122.8,-449.694,2015-05
2015-01-17,South,282.38,-66.248,2015-01
2015-03-06,West,924.8,501.69,2015-03
2015-04-22,East,821.17,566.6073,2015-04
2015-06-01,East,194.08,-57.56,2015-06
2015-04-13,East,237.77,164.0613,2015-04
2015-03-12,West,316.28,218.2332,2015-03
2015-03-18,West,2591.09,1049.03,2015-03
2015-02-05,East,150.24,-102.93,2015-02
2015-03-18,East,10364.36,1049.03,2015-03
2015-03-08,South,657.61,664.518,2015-03
2015-04-22,East,241.97,105.7,2015-04
2015-04-22,East,120.81,-21.06,2015-04
2015-05-28,East,41.4,-5.08,2015-05
2015-03-08,South,159.53,1289.382,2015-03
2015-06-13,South,536.29,-191.548,2015-06
2015-03-26,West,10.96,-29.003,2015-03
2015-01-30,Central,4146.28,2860.9332,2015-01
2015-01-12,East,3902.09,2692.4421,2015-01
2015-01-12,East,14.18,2.0672,2015-01
2015-02-11,South,2118.99,111.0525,2015-02
2015-02-11,South,837.64,-1963.752,2015-02
2015-06-11,South,345.07,-60.704,2015-06
2015-01-31,West,5.48,-37.789,2015-01
2015-01-31,West,8201.33,7576.11,2015-01
2015-01-31,West,22.67,-43.26,2015-01
2015-03-12,South,393.98,-44.436,2015-03
2015-01-15,Central,19.29,4.85,2015-01
2015-03-20,Central,5.21,3.5949,2015-03
2015-06-07,Central,22.92,15.8148,2015-06
2015-01-26,Central,30.9,-69.91,2015-01
2015-01-26,Central,2363.08,1630.5252,2015-01
2015-01-26,Central,328.45,-457.16,2015-01
2015-01-21,Central,386.61,266.7609,2015-01
2015-01-10,East,43.94,-159.3028,2015-01
2015-01-21,East,43.31,29.8839,2015-01
2015-06-28,West,284.34,52.764,2015-06
2015-02-05,West,3913.02,2699.9838,2015-02
2015-02-05,West,180.14,-170.98,2015-02
2015-02-07,South,364.92,-95.6186,2015-02
2015-06-01,East,12.16,-2.376,2015-06
2015-06-01,East,147.56,-18.3216,2015-06
2015-05-10,Central,113.68,-82.64,2015-05
2015-01-14,Central,281.75,31.59,2015-01
2015-04-30,West,240.05,165.6345,2015-04
2015-05-20,West,87.21,19.308,2015-05
2015-05-20,West,40.15,0.33,2015-05
2015-02-19,West,90.46,-35.26,2015-02
2015-06-01,West,467.03,322.2507,2015-06
2015-03-25,Central,608.81,-221.5,2015-03
2015-03-25,Central,808.61,206.352,2015-03
2015-03-08,Central,637.37,439.7853,2015-03
2015-03-08,Central,232.16,-149.4573,2015-03
2015-03-19,South,360.03,21.096,2015-03
2015-06-11,South,260.01,1166.628,2015-06
2015-06-11,South,273.79,-40.6042,2015-06
2015-06-11,South,44.62,-294.084,2015-06
2015-04-09,South,268.64,55.5552,2015-04
2015-04-09,South,87.68,-535.332,2015-04
2015-04-09,South,37.62,-208.7204,2015-04
2015-06-06,South,832.97,38.886,2015-06
2015-04-09,Central,1042.54,719.3526,2015-04
2015-01-21,West,76.16,-12.87678,2015-01
2015-01-21,West,1038.14,618.1308,2015-01
2015-03-10,West,6296.0,-14140.7016,2015-03
2015-05-17,South,8.79,-8.876,2015-05
2015-05-23,South,2051.68,14.754,2015-05
2015-05-23,South,5295.03,669.612,2015-05
2015-05-23,South,80.27,213.0,2015-05
2015-04-01,South,3292.02,-8.3881,2015-04
2015-02-28,Central,199.43,4.90176,2015-02
2015-04-11,Central,110.71,76.3899,2015-04
2015-02-23,Central,56.68,-36.77,2015-02
2015-02-23,Central,273.34,87.03,2015-02
2015-04-17,East,226.88,-582.648,2015-04
2015-01-08,West,5220.48,3602.1312,2015-01
2015-04-17,West,113.44,-582.648,2015-04
2015-05-25,West,66.02,-66.585,2015-05
2015-01-22,South,33.02,441.594,2015-01
2015-01-22,South,2273.1,394.17,2015-01
2015-04-06,Central,19.49,13.4481,2015-04
2015-06-22,Central,5845.81,4033.6089,2015-06
2015-06-22,Central,633.85,141.7824,2015-06
2015-03-02,East,107.51,74.1819,2015-03
2015-03-02,West,421.08,82.31,2015-03
2015-03-28,South,77.2,-2.352,2015-03
2015-05-08,South,5587.89,1059.288,2015-05
2015-02-20,South,159.89,-246.2761,2015-02
2015-02-20,South,180.48,55.1946,2015-02
2015-02-20,South,350.48,-307.2965,2015-02
2015-03-19,South,936.8,-16.06374,2015-03
2015-05-09,South,232.5,-160.3847,2015-05
2015-06-05,South,7497.05,732.2698,2015-06
2015-06-30,South,1336.35,270.8743,2015-06
2015-01-21,South,1724.01,333.7605,2015-01
2015-05-09,East,59.79,-120.59,2015-05
2015-03-19,East,240.21,-12.078,2015-03
2015-06-05,East,1785.01,1231.6569,2015-06
2015-06-30,East,318.18,219.5442,2015-06
2015-02-20,East,38.89,-185.17,2015-02
2015-02-20,East,45.12,31.1328,2015-02
2015-02-20,East,90.45,-231.05,2015-02
2015-02-23,Central,2125.12,-165.5949204,2015-02
2015-02-23,Central,45.05,-21.684,2015-02
2015-01-22,Central,7045.02,4861.0638,2015-01
2015-03-12,Central,370.62,-83.75,2015-03
2015-02-13,Central,904.25,565.18,2015-02
2015-02-13,Central,16.31,-38.72,2015-02
2015-06-25,East,364.26,65.07702,2015-06
2015-01-08,East,16.07,10.9592,2015-01
2015-01-08,East,25.26,17.4294,2015-01
2015-02-28,East,581.08,-32.6664,2015-02
2015-02-28,East,27.53,-13.1352,2015-02
2015-04-28,Central,32.33,22.3077,2015-04
2015-04-28,Central,642.06,443.0214,2015-04
2015-06-07,Central,1068.6,-1220.9145,2015-06
2015-02-28,East,99.75,-27.1492,2015-02
2015-01-16,East,226.53,-106.3424,2015-01
2015-01-16,East,68.65,44.9768,2015-01
2015-05-26,South,236.83,689.328,2015-05
2015-05-26,South,1944.87,-33.586,2015-05
2015-02-28,West,135.77,69.7672,2015-02
2015-04-22,East,55.43,-52.8228,2015-04
2015-05-11,East,20.46,7.31,2015-05
2015-04-22,East,931.87,642.9903,2015-04
2015-05-26,East,21.41,12.71,2015-05
2015-03-05,Central,59.75,28.288,2015-03
2015-02-04,East,162.49,112.1181,2015-02
2015-02-15,Central,819.4,565.386,2015-02
2015-02-15,Central,1809.75,-230.9528,2015-02
2015-04-15,East,70.03,-61.62804,2015-04
2015-06-18,Central,102.43,70.6767,2015-06
2015-04-02,Central,137.76,95.0544,2015-04
2015-03-23,Central,326.03,224.9607,2015-03
2015-04-05,South,379.72,-89.572,2015-04
2015-05-07,West,48.33,33.3477,2015-05
2015-06-22,East,34.91,-34.592,2015-06
2015-04-21,East,47.04,-24.63,2015-04
2015-02-22,South,10.94,-536.242,2015-02
2015-02-22,South,731.38,-125.86,2015-02
2015-03-28,South,344.87,36.1641,2015-03
2015-04-13,Central,523.06,17.1028,2015-04
2015-04-13,Central,2424.68,1269.38196,2015-04
2015-05-20,Central,2411.43,137.68794,2015-05
2015-05-22,Central,1278.96,882.4824,2015-05
2015-01-27,Central,25.22,6.384,2015-01
2015-02-26,Central,34.73,5.2955,2015-02
2015-02-26,Central,247.53,170.7957,2015-02
2015-06-14,Central,23.89,16.092,2015-06
2015-01-27,East,454.4,274.0788,2015-01
2015-01-27,East,14.53,-3.782,2015-01
2015-02-25,East,15.65,10.7985,2015-02
2015-05-30,East,111.92,15.246,2015-05
2015-06-28,Central,1700.38,-103.624,2015-06
2015-06-28,Central,35.96,-57.824,2015-06
2015-05-08,Central,141.59,18.218,2015-05
2015-05-08,Central,203.05,25.058,2015-05
2015-04-10,Central,56.19,11.82,2015-04
2015-01-26,Central,40.8,28.152,2015-01
2015-03-17,Central,117.87,-237.544,2015-03
2015-03-05,West,1503.05,1037.1045,2015-03
2015-02-10,West,382.33,-94.59,2015-02
2015-02-10,West,356.61,-293.74,2015-02
2015-06-08,West,1506.89,1039.7541,2015-06
2015-02-10,West,92.29,-49.1868,2015-02
2015-02-10,West,82.29,-152.7448,2015-02
2015-03-06,Central,203.37,41.3,2015-03
2015-06-11,Central,160.66,47.61,2015-06
2015-05-28,East,107.08,-23.5,2015-05
2015-04-28,East,9705.46,1282.496,2015-04
2015-04-28,East,3247.54,17.2,2015-04
2015-04-28,East,5582.63,1184.12,2015-04
2015-04-28,East,2426.36,1474.8704,2015-04
2015-04-28,East,824.0,19.78,2015-04
2015-04-28,East,1347.53,929.7957,2015-04
2015-01-09,West,11.16,-7.25,2015-01
2015-01-09,West,45.22,31.2018,2015-01
2015-01-15,Central,52.93,-75.9004,2015-01
2015-01-15,Central,75.61,52.1709,2015-01
2015-01-16,Central,67.64,-159.86,2015-01
2015-01-16,Central,240.42,165.8898,2015-01
2015-01-16,Central,184.4,75.01,2015-01
2015-03-13,Central,3802.01,2267.22,2015-03
2015-05-15,Central,1181.67,97.16,2015-05
2015-05-15,Central,29.93,-20.65,2015-05
2015-02-04,Central,171.33,67.864,2015-02
2015-06-06,Central,84.04,-14.075,2015-06
2015-02-12,Central,251.06,-78.7592,2015-02
2015-03-05,West,2610.56,1167.38,2015-03
2015-02-03,South,1173.76,402.066,2015-02
2015-02-26,West,50.28,11.95,2015-02
2015-02-26,West,2570.45,1773.6105,2015-02
2015-05-24,West,158.87,4.1822,2015-05
2015-01-14,West,56.71,39.1299,2015-01
2015-03-02,East,5086.08,1660.92,2015-03
2015-06-01,Central,1894.45,638.028,2015-06
2015-06-01,Central,200.72,138.4968,2015-06
2015-02-14,Central,36.82,-6.734,2015-02
2015-02-28,West,84.6,-25.38,2015-02
2015-01-07,East,296.75,-203.27,2015-01
2015-05-07,East,582.2,-807.59,2015-05
2015-06-11,East,171.93,118.6317,2015-06
2015-06-11,East,35.19,23.304,2015-06
2015-05-07,East,2037.69,-807.59,2015-05
2015-06-11,East,722.1,150.72,2015-06
2015-06-11,East,140.78,19.42,2015-06
2015-06-11,East,129.72,3.13,2015-06
2015-06-11,East,12190.98,1141.07,2015-06
2015-01-07,East,1483.76,-203.27,2015-01
2015-06-10,East,87.18,10.01,2015-06
2015-04-20,West,798.89,313.812,2015-04
2015-06-24,West,133.19,-39.18625,2015-06
2015-06-24,West,97.33,-1.89,2015-06
2015-05-18,South,130.91,4.29,2015-05
2015-01-24,Central,281.82,-122.77,2015-01
2015-01-19,East,991.24,683.9556,2015-01
2015-05-24,East,119.86,-16.64,2015-05
2015-05-24,East,98.77,-59.73,2015-05
2015-05-24,East,2495.35,-633.441237,2015-05
2015-06-17,East,200.83,72.984,2015-06
2015-04-08,East,348.08,240.1752,2015-04
2015-06-17,East,131.69,-11.248,2015-06
2015-02-28,East,13.93,9.6117,2015-02
2015-03-25,South,31.71,-299.8142,2015-03
2015-03-20,South,60.01,13.8,2015-03
2015-03-20,South,90.98,4.392,2015-03
2015-03-20,South,1270.7,-236.25,2015-03
2015-03-20,Central,236.87,36.02,2015-03
2015-03-20,Central,370.91,-50.64,2015-03
2015-03-20,Central,4976.92,510.489,2015-03
2015-05-17,South,574.97,-20.18226,2015-05
2015-05-17,South,115.22,-156.9722,2015-05
2015-05-17,South,456.58,384.5043,2015-05
2015-06-30,South,3772.19,513.084,2015-06
2015-06-14,South,2642.48,44.52,2015-06
2015-01-07,Central,61.5,-48.875,2015-01
2015-05-30,Central,1276.88,881.0472,2015-05
2015-01-05,Central,233.58,-233.840688,2015-01
2015-06-25,South,31.98,-139.076,2015-06
2015-06-22,Central,519.42,-64.664,2015-06
2015-05-17,Central,2382.72,1644.0768,2015-05
2015-01-16,Central,64.96,-350.4395,2015-01
2015-01-16,Central,19.14,4.2028,2015-01
2015-03-04,Central,25.35,-44.068,2015-03
2015-03-04,Central,45.03,-100.51,2015-03
2015-03-04,Central,153.87,-17.75,2015-03
2015-03-04,Central,2800.33,1374.948,2015-03
2015-02-22,East,3596.03,-677.872,2015-02
2015-06-08,East,2353.55,1623.9495,2015-06
2015-06-19,East,92.57,-122.835,2015-06
2015-05-02,East,7974.21,252.488,2015-05
2015-06-01,Central,87.1,-88.585,2015-06
2015-06-01,Central,736.86,-485.68,2015-06
2015-03-24,Central,33.84,-16.37,2015-03
2015-01-04,Central,14.9,-94.2586,2015-01
2015-01-04,Central,39.64,6.3308,2015-01
2015-01-14,West,139.49,-66.8236,2015-01
2015-01-14,West,1952.43,971.622,2015-01
2015-06-03,West,1370.79,-134.512,2015-06
2015-02-04,West,3501.79,-4075.933992,2015-02
2015-02-04,West,63.04,-18.5588,2015-02
2015-02-16,West,451.35,220.3572,2015-02
2015-02-28,West,119.6,47.73,2015-02
2015-03-11,West,59.9,28.526,2015-03
2015-03-29,West,99.22,-87.46,2015-03
2015-01-26,South,1183.82,-3.948,2015-01
2015-05-28,South,201.77,28.1826,2015-05
2015-03-30,South,443.66,-51.66,2015-03
2015-01-20,South,541.76,-193.914,2015-01
2015-01-26,South,107.66,57.546,2015-01
2015-01-26,South,318.83,-333.4254,2015-01
2015-04-19,South,3600.65,12.264,2015-04
2015-06-19,South,3936.61,-283.9914,2015-06
2015-06-19,South,78.31,-195.342,2015-06
2015-06-19,South,42.46,-89.7092,2015-06
2015-04-13,South,14.66,-44.415,2015-04
2015-02-13,South,83.14,167.334,2015-02
2015-05-04,South,215.25,65.598,2015-05
2015-06-25,South,1358.02,0.258,2015-06
2015-06-25,South,358.84,63.222,2015-06
2015-03-14,South,511.57,-29.666,2015-03
2015-03-31,South,8.65,-1319.5,2015-03
2015-06-12,Central,380.0,262.2,2015-06
2015-03-02,South,199.48,-119.812,2015-03
2015-03-18,Central,93.81,-9.108,2015-03
2015-04-10,Central,312.22,172.5644,2015-04
2015-03-10,South,43.84,45.078,2015-03
2015-03-10,South,141.74,-110.376,2015-03
2015-02-02,West,8717.75,1951.3,2015-02
2015-02-02,Central,2230.12,1538.7828,2015-02
2015-03-30,West,56.4,32.83,2015-03
2015-03-30,West,257.52,51.59,2015-03
2015-05-21,West,1488.51,969.42,2015-05
2015-05-28,West,801.93,553.3317,2015-05
2015-06-28,West,44.24,-30.45,2015-06
2015-02-15,Central,79.74,55.0206,2015-02
2015-02-15,Central,392.45,-43.65504,2015-02
2015-04-12,South,48.32,-577.304,2015-04
2015-03-19,South,332.16,-1535.4864,2015-03
2015-03-19,South,147.62,-159.32,2015-03
2015-04-01,South,125.9,-74.088,2015-04
2015-01-14,South,768.81,-137.522,2015-01
2015-01-14,South,183.39,-11.816,2015-01
2015-01-14,South,12.9,238.9338,2015-01
2015-01-14,South,17.89,-105.126,2015-01
2015-06-28,South,255.88,95.388,2015-06
2015-01-21,Central,378.82,261.3858,2015-01
2015-01-21,Central,152.18,-135.46,2015-01
2015-06-13,Central,53.89,-31.68825,2015-06
2015-06-13,Central,1001.02,690.7038,2015-06
2015-06-04,West,495.82,-13.068,2015-06
2015-06-10,East,24.44,-25.104,2015-06
2015-04-01,East,21.86,1.9504,2015-04
2015-05-07,South,47.12,-340.5311,2015-05
2015-05-23,East,670.9,462.921,2015-05
2015-06-11,East,412.72,-131.16,2015-06
2015-03-30,East,14.52,-11.83,2015-03
2015-06-11,East,103.18,-65.58,2015-06
2015-02-18,South,97.96,596.808,2015-02
2015-05-26,West,5419.41,3739.3929,2015-05
2015-05-13,West,700.41,470.338,2015-05
2015-03-21,West,646.88,401.85,2015-03
2015-06-25,Central,1029.96,710.6724,2015-06
2015-05-19,West,52.09,-92.32,2015-05
2015-01-28,East,1794.88,-1764.29,2015-01
2015-01-28,East,765.04,527.8776,2015-01
2015-03-21,West,127.12,34.52,2015-03
2015-01-01,West,5183.89,3576.8841,2015-01
2015-01-01,West,36.09,20.38,2015-01
2015-04-06,South,366.26,31.11,2015-04
2015-04-06,South,157.99,358.2954,2015-04
2015-04-06,South,1212.88,8.322,2015-04
2015-03-14,South,125.19,24.018,2015-03
2015-04-21,South,1867.04,-269.7555,2015-04
2015-05-10,South,537.8,710.8074,2015-05
2015-02-20,South,119.78,-2133.278,2015-02
2015-01-06,South,12.15,80.0712,2015-01
2015-01-06,South,288.42,896.406,2015-01
2015-05-25,West,511.42,352.8798,2015-05
2015-01-07,South,200.64,68.676,2015-01
2015-04-01,East,17.62,-15.92,2015-04
2015-01-26,East,80.58,-114.2,2015-01
2015-03-24,East,25.31,-25.0,2015-03
2015-03-24,East,369.78,255.1482,2015-03
2015-01-26,East,57.14,39.4266,2015-01
2015-01-26,East,498.31,-722.23,2015-01
2015-05-21,South,431.43,30.024,2015-05
2015-04-27,South,57.24,0.4266,2015-04
2015-04-27,South,824.7,66.216,2015-04
2015-02-12,West,58.5,-164.18,2015-02
2015-06-24,West,131.62,-79.4,2015-06
2015-04-24,West,121.46,23.046,2015-04
2015-03-06,Central,356.14,-127.3,2015-03
2015-03-06,Central,27.08,-52.77,2015-03
2015-01-05,South,65.85,-781.1342,2015-01
2015-01-09,South,50.71,-23.296,2015-01
2015-05-07,South,45.0,58.812,2015-05
2015-06-14,South,19.02,4.0443,2015-06
2015-06-14,South,193.87,-10.3684,2015-06
2015-01-13,West,1434.51,989.8119,2015-01
2015-02-13,East,8549.04,2861.01,2015-02
2015-02-13,Central,2239.03,1544.9307,2015-02
2015-01-06,South,22.13,125.9982,2015-01
2015-01-06,South,34.17,-92.9292,2015-01
2015-01-27,South,94.3,-39.809,2015-01
2015-01-23,West,384.22,-29.0656,2015-01
2015-02-04,West,178.68,-19.2972,2015-02
2015-02-07,West,79.39,40.6556,2015-02
2015-05-16,West,199.53,137.6757,2015-05
2015-05-16,West,37.05,-62.0,2015-05
2015-03-27,West,68.88,47.5272,2015-03
2015-02-28,West,549.85,379.3965,2015-02
2015-02-28,West,48.99,-41.83,2015-02
2015-02-28,West,681.42,372.402,2015-02
2015-05-04,West,66.65,-116.3455,2015-05
2015-05-04,West,2934.16,1304.9,2015-05
2015-05-04,West,876.88,605.0472,2015-05
2015-04-28,Central,157.33,107.45462,2015-04
2015-03-20,Central,27.37,18.41,2015-03
2015-03-20,Central,98.16,65.63,2015-03
2015-01-26,Central,116.11,-7.73,2015-01
2015-06-09,Central,95.0,-47.99525,2015-06
2015-05-24,East,837.57,66.22,2015-05
2015-05-24,East,56.22,-23.53,2015-05
2015-05-02,East,758.97,10.68,2015-05
2015-05-02,East,84.44,58.2636,2015-05
2015-02-12,East,29.99,-42.1705,2015-02
2015-06-02,East,1487.9,66.36222,2015-06
2015-06-29,East,600.4,-1.904,2015-06
2015-06-29,East,34.25,-37.048,2015-06
2015-06-29,East,31.45,-56.888,2015-06
2015-03-26,South,249.07,-189.714,2015-03
2015-04-25,South,59.22,1628.37,2015-04
2015-04-20,South,5572.18,-4.48,2015-04
2015-04-20,South,2941.42,3193.284,2015-04
2015-04-20,South,522.46,43.6917,2015-04
2015-03-23,South,25.31,349.0593,2015-03
2015-04-29,South,513.33,1.992,2015-04
2015-01-16,East,15.7,-22.01,2015-01
2015-01-16,East,680.65,426.46032,2015-01
2015-05-03,East,28.34,19.5546,2015-05
2015-05-03,East,861.3,152.482,2015-05
2015-05-11,West,894.64,67.012,2015-05
2015-04-29,West,710.36,374.625,2015-04
2015-02-14,West,80.2,-3.2448,2015-02
2015-06-07,Central,9252.81,6384.4389,2015-06
2015-03-11,Central,207.31,-116.76,2015-03
2015-03-11,Central,143.12,-160.952,2015-03
2015-03-29,Central,59.98,-41.87,2015-03
2015-04-04,East,135.78,-24.7104,2015-04
2015-02-08,West,506.5,349.485,2015-02
